id,user_id,community_id,type,joined_at
1,1,51,admin,2019-09-27 16:49:56
2,2,14,member,2021-03-27 15:31:51
3,2,41,member,2024-03-15 08:15:06
4,3,4,member,2019-06-17 00:48:18
5,3,62,member,2023-05-21 19:46:59
6,4,54,member,2021-09-29 15:44:16
7,4,27,member,2019-02-23 20:04:58
8,4,16,admin,2021-09-17 21:35:25
9,4,28,admin,2024-10-19 09:38:12
10,4,30,member,2021-12-19 12:00:41
11,5,56,member,2023-05-03 20:08:09
12,5,32,member,2023-04-15 16:30:47
13,5,27,member,2020-02-12 10:31:39
14,5,16,admin,2020-01-15 13:18:31
15,6,55,member,2021-08-16 10:38:40
16,6,49,member,2018-05-27 04:01:02
17,6,41,member,2018-05-19 18:24:46
18,6,65,member,2020-10-06 11:04:44
19,7,6,member,2024-03-24 09:05:13
20,7,27,admin,2021-05-21 00:51:29
21,8,66,member,2023-12-16 09:03:04
22,8,20,member,2019-05-13 12:52:47
23,8,57,member,2022-05-22 20:33:27
24,8,66,member,2024-06-10 04:39:37
25,9,56,member,2021-03-19 23:54:18
26,9,69,member,2023-05-23 22:49:58
27,10,7,member,2020-11-10 14:30:34
28,10,48,member,2019-03-28 14:25:16
29,10,16,member,2021-05-24 01:46:56
30,12,62,member,2019-06-23 02:06:59
31,13,46,member,2022-01-19 23:35:55
32,13,44,member,2019-06-27 12:06:54
33,14,16,member,2019-04-18 15:10:00
34,14,14,member,2020-01-27 05:47:08
35,15,14,member,2019-04-15 00:10:39
36,15,59,member,2024-11-18 12:22:44
37,15,34,member,2024-06-10 04:16:52
38,16,56,member,2024-07-28 13:23:35
39,16,7,member,2024-02-13 05:42:48
40,16,38,member,2023-10-21 01:22:15
41,16,62,admin,2019-12-01 01:56:12
42,16,5,member,2021-12-22 08:36:35
43,17,53,member,2019-03-24 07:52:57
44,17,42,member,2018-12-11 18:26:38
45,17,8,member,2021-04-12 06:57:12
46,18,48,admin,2018-04-14 08:46:42
47,18,36,member,2024-12-20 23:12:23
48,18,33,member,2023-01-03 10:44:13
49,20,59,member,2018-12-19 19:08:49
50,20,6,member,2023-05-23 00:33:26
51,20,62,member,2023-12-16 01:58:09
52,21,16,member,2018-10-17 08:24:25
53,21,4,member,2020-06-19 05:10:31
54,22,24,member,2020-03-11 10:56:45
55,22,24,member,2018-08-29 10:57:29
56,23,12,member,2019-07-03 01:12:13
57,23,35,member,2019-03-29 06:47:58
58,24,12,member,2018-09-28 09:12:55
59,24,6,member,2021-04-07 10:11:46
60,24,47,admin,2021-08-22 21:21:02
61,24,16,member,2020-12-03 00:18:42
62,24,30,member,2024-07-22 05:47:17
63,25,39,member,2020-03-30 23:14:17
64,25,36,member,2020-08-19 00:33:15
65,27,27,member,2018-01-21 04:01:28
66,27,13,member,2021-01-08 21:48:05
67,27,7,member,2020-04-16 02:07:52
68,27,49,member,2023-08-24 22:29:15
69,28,10,member,2022-10-13 01:16:36
70,28,35,member,2020-01-13 05:48:22
71,28,3,member,2023-01-21 16:04:14
72,28,50,member,2018-10-27 00:27:45
73,29,24,member,2022-03-03 22:18:46
74,29,42,member,2022-03-18 00:10:27
75,30,22,member,2021-11-06 00:39:30
76,30,58,member,2020-02-09 05:49:20
77,31,1,member,2024-01-26 05:23:12
78,31,62,admin,2020-08-31 15:36:27
79,31,64,member,2021-10-07 21:25:12
80,31,56,member,2024-11-04 14:27:10
81,32,31,member,2021-04-18 05:45:43
82,32,64,member,2021-12-28 23:54:05
83,34,53,member,2024-05-11 19:16:12
84,34,38,member,2020-08-14 00:33:19
85,34,48,member,2024-01-12 22:28:37
86,34,67,member,2020-10-11 20:33:58
87,35,26,member,2019-11-24 19:11:37
88,37,70,member,2020-03-20 18:33:39
89,37,66,member,2019-03-16 23:28:01
90,37,54,member,2024-07-15 16:43:55
91,38,35,admin,2018-05-21 19:32:27
92,38,40,member,2022-05-18 07:57:19
93,38,42,member,2023-03-17 18:48:06
94,38,40,member,2018-07-10 23:03:21
95,38,22,member,2024-07-14 17:08:34
96,39,14,member,2023-11-30 13:09:10
97,39,15,member,2022-02-21 07:25:35
98,39,69,member,2019-05-17 19:52:18
99,40,27,member,2023-06-09 07:07:49
100,40,28,member,2023-01-09 19:09:36
101,40,33,member,2019-01-15 07:34:11
102,40,69,admin,2019-03-27 13:31:02
103,42,20,member,2019-03-18 06:15:20
104,42,46,member,2020-04-27 02:47:27
105,43,26,member,2020-04-11 18:19:45
106,43,64,member,2024-03-29 21:21:07
107,43,31,member,2024-05-27 18:43:59
108,44,18,admin,2021-06-20 17:23:42
109,44,53,member,2024-07-14 18:04:44
110,46,20,member,2023-06-17 01:46:12
111,46,70,member,2024-12-17 20:28:44
112,46,19,member,2020-03-29 12:26:13
113,46,4,member,2019-12-19 03:33:03
114,48,48,member,2018-07-07 22:49:39
115,48,43,member,2018-04-22 15:17:15
116,48,65,member,2023-02-23 18:46:22
117,49,19,member,2024-11-16 13:45:04
118,50,56,member,2023-05-14 11:06:12
119,50,40,member,2022-08-02 11:06:46
120,50,25,member,2023-08-08 16:47:41
121,50,12,member,2023-04-26 22:26:49
122,52,67,member,2020-10-15 03:04:33
123,52,11,member,2022-12-15 08:44:27
124,52,26,member,2020-10-20 07:51:50
125,52,20,member,2022-02-05 04:27:01
126,54,44,member,2021-04-03 09:47:37
127,54,27,member,2020-04-05 22:40:33
128,55,55,admin,2021-05-03 19:17:49
129,55,9,member,2022-11-11 00:29:34
130,55,11,member,2024-01-17 23:36:22
131,55,13,admin,2020-11-29 06:56:37
132,57,39,member,2018-05-30 00:37:19
133,57,39,member,2018-06-09 22:43:10
134,57,10,member,2022-11-11 19:33:20
135,58,62,member,2024-11-04 16:46:28
136,58,43,member,2023-11-01 07:47:12
137,58,3,member,2019-07-26 16:38:45
138,58,35,member,2020-11-29 18:22:58
139,58,4,member,2018-09-15 16:19:01
140,60,18,member,2024-08-08 04:30:38
141,60,52,member,2023-05-01 04:22:33
142,60,61,member,2022-10-30 04:17:35
143,60,21,member,2018-03-18 14:21:13
144,61,55,admin,2023-03-28 17:57:59
145,61,48,member,2024-04-16 17:19:10
146,61,30,member,2022-10-08 20:43:27
147,61,43,member,2023-04-06 12:53:37
148,61,21,member,2018-02-26 19:00:43
149,62,8,member,2023-03-14 16:46:26
150,62,45,admin,2023-04-04 11:11:23
151,63,61,member,2019-09-20 07:15:44
152,63,43,admin,2020-11-24 22:08:33
153,64,1,member,2024-07-01 23:24:42
154,64,19,member,2021-11-30 16:40:22
155,64,9,member,2023-05-18 23:20:01
156,66,67,member,2023-01-28 15:47:18
157,66,50,member,2020-12-28 22:19:33
158,66,18,member,2020-07-04 19:20:22
159,66,28,member,2019-11-20 08:13:24
160,66,14,member,2022-09-25 21:23:30
161,67,9,member,2019-03-17 21:02:29
162,67,11,member,2024-04-09 10:02:05
163,67,5,member,2023-05-24 09:05:27
164,67,52,admin,2021-12-24 03:15:32
165,68,9,member,2023-07-14 03:27:00
166,68,23,member,2018-07-20 11:03:12
167,69,28,member,2022-06-16 02:10:42
168,69,65,member,2020-07-30 16:07:49
169,69,11,member,2018-07-10 07:41:20
170,70,48,member,2021-01-24 21:38:04
171,70,38,member,2021-01-05 15:29:05
172,71,66,member,2021-01-20 02:30:51
173,71,39,member,2023-03-24 00:53:44
174,72,56,member,2019-11-02 22:25:51
175,72,59,member,2018-11-08 21:33:33
176,72,21,member,2023-01-29 06:53:51
177,72,45,member,2022-04-25 21:20:07
178,72,17,member,2022-07-07 18:43:42
179,74,23,member,2018-12-08 08:47:01
180,75,54,member,2019-06-16 10:44:57
181,75,44,member,2023-03-12 18:35:17
182,75,43,member,2024-03-11 00:04:53
183,76,11,member,2020-08-01 16:56:31
184,76,50,member,2022-03-09 07:06:20
185,76,1,member,2018-11-24 12:07:00
186,76,70,member,2018-01-21 11:09:12
187,77,7,member,2018-09-13 10:09:37
188,77,64,member,2019-05-21 13:13:50
189,77,36,member,2022-08-27 06:40:07
190,78,3,member,2020-05-28 20:16:47
191,78,61,member,2024-10-30 02:14:58
192,78,3,member,2022-03-10 08:20:07
193,78,22,member,2024-05-25 02:22:38
194,79,6,member,2020-03-02 20:49:29
195,79,11,member,2020-03-08 03:31:26
196,79,11,member,2020-08-15 21:35:08
197,79,7,member,2019-04-01 08:15:09
198,80,11,member,2018-04-03 00:26:10
199,81,61,admin,2024-01-07 20:03:53
200,81,11,member,2020-01-06 11:18:58
201,81,33,member,2019-02-15 09:28:28
202,81,32,member,2023-05-12 00:03:05
203,82,9,member,2019-08-30 13:14:58
204,82,34,member,2021-10-03 19:21:02
205,83,12,admin,2023-11-23 04:22:32
206,83,60,member,2022-09-26 09:10:07
207,84,45,admin,2020-01-29 11:47:37
208,84,53,member,2022-12-24 05:29:31
209,84,35,member,2021-08-10 21:31:32
210,85,20,member,2019-04-02 09:48:38
211,85,58,member,2023-09-12 09:35:14
212,85,39,member,2022-02-24 04:23:46
213,85,9,member,2019-12-23 12:07:14
214,85,12,member,2018-09-29 01:44:30
215,86,68,member,2022-12-21 16:08:20
216,87,23,member,2018-02-19 22:45:13
217,87,63,member,2023-06-13 13:00:23
218,87,29,member,2021-10-10 17:15:03
219,87,22,member,2024-03-03 00:33:26
220,87,68,member,2023-11-01 17:46:53
221,88,38,member,2021-10-04 21:40:24
222,88,41,member,2020-10-31 18:15:05
223,88,69,member,2023-02-14 06:22:10
224,88,56,member,2021-06-12 16:23:34
225,88,59,admin,2020-10-20 21:52:32
226,89,6,admin,2020-03-07 13:32:30
227,91,16,member,2020-03-15 22:48:16
228,92,1,member,2024-10-09 21:37:10
229,92,15,member,2018-01-26 19:43:08
230,92,64,member,2018-05-08 19:11:58
231,92,28,member,2020-09-17 00:00:05
232,93,59,member,2022-01-30 15:01:45
233,93,10,member,2024-03-12 09:33:47
234,93,32,admin,2024-06-13 22:41:54
235,93,64,member,2021-09-03 20:16:04
236,94,21,admin,2022-06-15 06:02:17
237,94,41,member,2020-11-04 05:09:09
238,95,9,member,2024-03-04 12:10:49
239,95,10,member,2022-06-28 00:29:28
240,95,46,member,2021-10-07 17:07:20
241,95,51,member,2023-08-28 07:02:34
242,96,24,member,2021-06-30 23:57:30
243,97,69,member,2022-07-16 22:27:44
244,97,17,member,2022-12-30 00:14:49
245,97,32,member,2020-09-07 15:27:02
246,97,19,member,2022-11-27 16:32:36
247,97,21,member,2020-05-26 18:37:14
248,99,45,member,2022-12-11 16:08:23
249,99,31,member,2022-06-23 07:11:47
250,99,37,member,2021-07-03 18:09:51
251,99,30,member,2020-03-16 19:38:43
252,100,14,member,2021-11-09 00:31:37
253,100,7,member,2024-01-20 11:08:40
254,100,19,member,2019-12-29 13:05:23
255,100,36,member,2021-06-13 03:47:02
256,100,54,admin,2018-03-25 16:51:24
257,101,47,member,2020-12-10 16:38:00
258,101,9,member,2019-02-04 17:49:08
259,101,33,member,2022-05-05 09:45:59
260,102,18,member,2020-06-02 10:43:05
261,102,27,member,2024-10-06 22:44:08
262,102,65,member,2022-04-20 00:08:34
263,102,25,member,2022-10-31 19:34:26
264,103,5,admin,2018-12-09 21:21:05
265,103,68,member,2019-07-25 10:41:06
266,104,13,member,2021-08-11 00:11:01
267,106,52,member,2021-03-15 10:30:29
268,106,28,member,2020-06-25 05:16:43
269,107,10,admin,2024-07-20 23:26:15
270,107,26,admin,2018-02-11 09:24:20
271,107,6,member,2020-07-18 06:15:39
272,107,53,member,2023-03-25 00:36:23
273,108,67,member,2022-02-08 15:50:24
274,108,54,member,2018-07-17 08:46:38
275,108,43,member,2020-09-03 20:35:35
276,108,32,member,2023-07-19 06:28:02
277,108,55,member,2020-09-21 11:09:15
278,109,39,member,2021-08-09 12:05:09
279,109,21,member,2021-09-26 10:53:55
280,109,59,member,2020-07-30 19:56:32
281,109,6,member,2021-10-20 01:33:21
282,110,12,member,2022-02-13 17:13:11
283,111,46,member,2019-11-29 04:04:49
284,111,24,member,2023-10-28 15:55:27
285,111,53,member,2022-08-28 04:34:05
286,111,9,member,2020-10-26 02:01:04
287,111,41,admin,2022-12-02 07:34:01
288,114,3,admin,2019-06-04 22:18:24
289,114,1,member,2024-03-05 22:40:08
290,114,52,member,2024-04-03 15:29:41
291,114,40,member,2019-09-15 15:49:32
292,115,16,admin,2024-09-12 23:37:29
293,115,18,member,2021-10-12 10:20:57
294,115,18,member,2019-09-11 15:02:44
295,115,70,member,2023-09-18 17:11:20
296,116,19,member,2020-12-02 04:05:46
297,116,36,member,2020-12-19 18:38:22
298,116,50,member,2023-03-12 07:36:52
299,116,6,member,2019-09-27 20:26:17
300,116,60,member,2020-02-11 14:06:04
301,119,62,member,2022-03-02 11:39:24
302,120,69,member,2018-11-19 08:58:19
303,120,26,member,2024-02-02 22:32:51
304,120,67,member,2019-09-13 07:26:52
305,120,69,member,2022-11-30 05:22:08
306,120,34,member,2024-08-04 20:13:15
307,121,44,member,2021-09-22 08:35:22
308,121,54,member,2024-06-24 06:10:57
309,121,46,admin,2019-05-19 05:32:04
310,121,65,member,2023-10-23 08:45:49
311,122,54,member,2019-11-02 05:23:39
312,122,8,member,2018-08-31 13:50:20
313,123,24,member,2023-08-09 01:48:01
314,123,18,member,2023-02-21 22:07:09
315,123,32,member,2024-02-12 10:25:13
316,123,2,member,2019-09-01 09:54:23
317,123,51,member,2019-04-20 06:58:25
318,124,14,member,2023-11-06 14:04:57
319,124,1,member,2018-07-07 19:49:56
320,124,69,member,2020-11-18 09:19:46
321,124,63,member,2022-03-22 10:26:44
322,125,14,member,2018-03-09 22:54:30
323,125,66,member,2024-10-25 21:48:36
324,125,70,member,2018-06-22 14:40:43
325,126,51,member,2022-11-14 07:37:19
326,126,70,member,2024-04-30 01:38:22
327,126,43,member,2022-01-27 08:16:30
328,127,63,member,2020-08-09 22:06:13
329,127,64,member,2022-03-15 08:48:14
330,128,2,member,2024-09-21 01:14:15
331,128,70,member,2021-10-13 15:55:58
332,128,2,member,2024-02-25 15:11:11
333,129,9,member,2024-11-16 12:36:05
334,131,11,member,2023-09-16 00:22:18
335,131,3,member,2018-10-02 06:15:52
336,132,64,member,2020-06-30 04:57:32
337,132,7,member,2018-09-05 04:47:15
338,133,49,member,2019-02-03 19:17:49
339,133,36,member,2024-04-24 21:13:48
340,133,9,member,2019-05-04 20:05:16
341,133,50,member,2019-01-27 10:43:42
342,133,65,member,2018-11-15 04:52:49
343,134,67,member,2019-08-31 00:03:20
344,134,21,member,2022-06-30 05:59:15
345,135,5,admin,2020-06-18 20:48:24
346,135,51,member,2019-05-14 12:37:25
347,135,9,member,2021-12-05 04:41:37
348,135,39,member,2019-09-01 23:29:32
349,136,21,member,2023-07-10 19:11:23
350,137,38,member,2023-06-05 16:26:15
351,137,31,member,2019-09-05 03:51:44
352,140,15,member,2018-06-15 07:34:25
353,141,5,member,2024-08-06 04:27:55
354,141,49,member,2020-12-31 23:24:17
355,143,59,admin,2020-02-13 19:46:50
356,143,13,admin,2021-11-20 06:11:44
357,143,55,member,2018-11-15 07:41:33
358,143,60,member,2021-03-19 02:58:49
359,145,22,member,2020-09-16 21:40:07
360,145,36,member,2021-06-09 14:20:27
361,146,60,member,2024-12-01 02:45:59
362,146,9,member,2021-09-11 16:09:21
363,146,46,member,2018-10-01 14:41:42
364,147,42,member,2019-09-21 23:30:03
365,147,51,member,2020-08-02 19:20:45
366,147,31,admin,2020-07-21 17:18:39
367,147,36,member,2018-04-03 18:21:27
368,147,4,member,2018-01-08 14:28:14
369,148,55,member,2018-03-05 23:07:22
370,148,20,member,2018-04-29 16:55:05
371,148,47,member,2023-02-04 20:22:58
372,148,6,member,2022-05-14 14:15:15
373,148,66,member,2018-01-29 21:05:11
374,149,19,member,2023-05-05 10:15:22
375,149,64,member,2023-02-04 10:10:22
376,149,63,member,2020-07-06 07:16:38
377,149,16,member,2022-04-06 00:37:15
378,150,9,member,2024-02-26 07:31:48
379,150,67,admin,2024-01-17 19:55:47
380,150,58,member,2020-05-08 13:13:42
381,150,58,member,2019-01-01 22:31:36
382,151,39,member,2022-01-16 18:02:13
383,151,3,member,2022-02-12 06:45:19
384,151,57,member,2020-11-08 04:32:06
385,151,37,member,2024-05-11 23:58:07
386,152,11,member,2022-12-13 15:25:50
387,152,22,member,2020-01-27 01:27:31
388,152,58,member,2021-09-25 21:47:45
389,154,67,member,2023-05-15 01:16:07
390,154,66,member,2022-01-23 15:24:16
391,154,56,member,2019-03-09 23:05:09
392,154,29,admin,2018-12-11 18:20:08
393,154,29,member,2023-01-16 06:27:38
394,155,25,member,2020-10-27 01:41:22
395,155,13,member,2024-01-15 09:15:07
396,155,15,admin,2020-05-03 05:37:41
397,155,49,member,2024-11-17 04:05:02
398,156,54,member,2023-04-20 14:54:15
399,156,33,member,2019-07-17 07:40:39
400,156,4,member,2024-09-12 16:27:38
401,156,12,member,2024-02-28 07:53:36
402,156,68,member,2018-06-28 12:23:38
403,157,18,member,2021-05-17 14:23:33
404,157,19,member,2019-03-29 20:46:20
405,157,18,member,2023-11-08 21:44:39
406,157,49,member,2022-04-12 23:49:58
407,157,30,admin,2021-11-07 11:41:10
408,158,63,member,2024-04-09 22:22:25
409,158,8,member,2018-08-22 12:18:24
410,158,49,member,2022-07-07 00:33:45
411,158,7,member,2019-07-05 04:57:30
412,158,16,member,2021-05-08 13:33:52
413,159,15,member,2018-10-15 02:32:09
414,159,14,member,2018-04-14 02:33:19
415,159,16,admin,2021-11-06 06:52:36
416,160,12,member,2022-04-17 05:33:41
417,160,36,member,2022-09-20 06:19:16
418,161,1,member,2018-08-19 16:31:50
419,163,65,member,2020-09-10 10:14:44
420,163,30,member,2018-11-30 10:09:42
421,163,15,member,2021-09-06 10:52:55
422,163,64,member,2018-03-16 17:47:37
423,163,20,member,2022-03-17 11:34:08
424,164,5,member,2019-12-30 05:07:34
425,164,58,member,2024-01-28 19:19:28
426,164,60,member,2024-01-09 20:23:12
427,165,37,member,2018-04-02 09:25:21
428,165,2,member,2024-06-17 14:29:26
429,165,31,member,2024-04-19 00:21:05
430,165,4,member,2023-06-30 18:31:44
431,165,67,member,2022-12-04 04:21:51
432,167,55,member,2018-11-13 16:59:45
433,167,59,member,2021-07-17 11:14:20
434,168,32,member,2024-08-25 22:11:43
435,168,68,member,2024-02-01 02:01:18
436,168,27,member,2022-03-17 07:47:15
437,168,41,member,2019-11-20 23:48:36
438,169,1,member,2019-09-12 21:25:25
439,169,27,member,2022-12-24 12:08:57
440,169,64,member,2024-03-07 01:29:12
441,169,51,member,2022-05-21 21:52:27
442,169,64,member,2021-06-20 11:40:29
443,170,17,member,2024-07-18 13:54:55
444,170,47,member,2018-05-01 09:29:14
445,171,56,member,2018-08-18 13:50:44
446,171,20,member,2018-01-26 19:35:20
447,172,22,member,2018-07-14 04:46:12
448,173,47,admin,2023-01-01 23:18:21
449,173,63,member,2023-10-25 03:46:00
450,173,41,member,2020-12-04 02:08:48
451,173,53,member,2022-01-31 11:54:43
452,173,64,member,2022-04-17 05:35:54
453,176,11,member,2019-04-25 16:55:12
454,176,25,member,2019-12-31 22:25:51
455,176,10,member,2023-10-12 17:54:05
456,176,48,admin,2021-08-21 11:30:42
457,178,59,member,2019-03-01 21:03:01
458,178,46,member,2022-05-27 11:07:46
459,179,62,member,2021-05-19 04:10:26
460,179,7,member,2020-01-01 13:46:20
461,179,8,member,2019-05-31 05:11:46
462,180,10,admin,2020-10-09 20:15:27
463,181,46,member,2020-08-21 10:43:58
464,181,39,member,2021-06-10 14:51:30
465,184,53,member,2021-05-16 11:42:16
466,184,52,member,2024-08-07 15:21:12
467,184,33,member,2024-03-10 17:53:48
468,184,65,member,2018-11-27 16:54:52
469,187,10,member,2023-12-21 19:30:28
470,188,37,member,2018-05-04 23:40:45
471,188,61,member,2022-07-28 14:05:35
472,188,51,member,2024-01-26 04:08:35
473,188,59,member,2021-11-30 19:56:33
474,189,66,member,2023-04-17 13:26:02
475,189,33,member,2019-04-30 03:50:07
476,189,58,member,2024-12-19 09:47:46
477,189,25,member,2021-04-04 04:25:34
478,190,11,member,2023-07-18 23:21:39
479,190,46,member,2022-05-09 09:32:28
480,191,58,member,2022-06-04 07:21:29
481,191,35,member,2023-08-10 14:38:58
482,191,49,member,2022-01-10 18:39:18
483,192,6,member,2023-01-08 08:36:22
484,193,13,member,2024-07-25 19:28:17
485,193,8,member,2023-05-18 06:32:27
486,193,68,member,2024-04-01 05:27:06
487,194,1,member,2021-05-14 05:19:40
488,194,5,member,2019-05-18 16:01:28
489,194,51,member,2021-06-23 11:58:10
490,196,14,member,2022-04-23 10:37:18
491,196,11,member,2018-05-21 00:24:05
492,196,16,member,2023-01-04 16:42:30
493,196,12,member,2019-10-18 02:22:59
494,196,30,member,2021-03-23 15:50:40
495,197,22,member,2021-04-26 04:34:03
496,197,7,member,2019-07-03 02:00:52
497,197,6,member,2018-10-19 14:30:06
498,197,68,member,2019-10-09 05:13:38
499,197,21,member,2022-07-21 06:13:53
500,198,11,member,2021-05-31 12:19:47
501,198,19,member,2024-02-01 11:04:16
502,198,47,member,2021-03-02 16:31:59
503,198,41,member,2024-10-14 03:33:01
504,198,58,member,2019-10-13 01:14:43
505,199,36,member,2022-09-19 06:57:31
506,199,7,member,2019-08-14 15:08:44
507,199,23,member,2023-02-22 04:56:35
508,199,12,admin,2020-12-27 05:21:58
509,200,63,member,2022-11-21 18:32:48
510,200,29,member,2018-05-04 22:23:17
511,200,63,member,2020-07-06 18:47:23
512,200,14,member,2019-02-11 14:54:30
513,200,55,member,2024-12-27 09:27:01
514,201,28,member,2023-04-15 07:36:18
515,202,10,member,2023-03-30 11:04:33
516,203,23,member,2022-08-06 23:28:44
517,203,5,member,2021-04-19 17:16:19
518,203,49,member,2019-04-08 07:50:13
519,203,3,member,2018-11-17 20:37:44
520,203,63,member,2022-08-09 01:54:34
521,204,42,member,2023-01-16 23:43:39
522,205,17,member,2024-09-18 12:43:00
523,205,16,member,2020-03-05 19:50:52
524,206,33,member,2018-01-10 20:59:24
525,207,63,member,2022-05-02 11:04:29
526,207,29,member,2018-05-24 14:46:02
527,207,1,member,2020-12-16 03:25:45
528,208,27,member,2019-11-20 16:41:32
529,208,63,member,2021-08-27 12:40:25
530,208,5,member,2023-04-21 23:05:39
531,208,56,member,2018-11-28 13:55:48
532,208,66,member,2024-11-28 10:35:35
533,209,55,member,2020-07-18 20:10:56
534,209,13,admin,2019-07-27 15:36:45
535,209,38,member,2023-08-29 05:17:34
536,209,38,member,2022-07-07 19:50:48
537,209,22,member,2019-11-30 02:37:32
538,212,38,member,2018-07-30 20:31:51
539,212,14,member,2021-06-25 15:56:54
540,212,16,member,2024-03-06 10:05:04
541,212,67,member,2024-06-12 15:06:21
542,213,59,member,2018-06-13 22:50:40
543,213,36,member,2021-01-20 03:41:11
544,213,7,member,2018-11-17 22:36:21
545,214,33,member,2018-10-17 15:51:39
546,214,53,member,2019-03-17 15:31:15
547,215,8,member,2023-03-18 16:08:21
548,216,51,member,2018-02-23 03:51:01
549,216,37,member,2020-11-14 08:15:28
550,216,11,member,2020-01-05 02:14:36
551,217,40,member,2024-11-01 03:25:42
552,217,21,admin,2018-08-06 11:11:42
553,217,15,member,2023-11-30 11:43:52
554,217,42,member,2020-01-10 17:59:14
555,218,39,member,2020-12-03 03:59:58
556,218,1,member,2018-09-24 13:00:37
557,218,46,member,2020-03-07 16:00:16
558,218,10,member,2019-07-14 01:02:34
559,218,11,member,2021-02-07 01:02:29
560,220,24,admin,2024-02-01 09:52:39
561,220,6,member,2022-07-16 05:06:13
562,220,14,member,2024-09-27 00:51:59
563,222,40,member,2022-11-14 10:40:49
564,224,45,member,2019-06-05 08:01:01
565,225,15,member,2024-02-11 10:47:27
566,225,68,admin,2022-03-15 12:08:39
567,225,29,member,2020-02-26 09:07:49
568,225,18,member,2023-02-09 10:58:30
569,225,58,member,2023-12-20 06:05:49
570,226,2,admin,2019-02-18 07:27:57
571,226,34,member,2018-05-24 15:34:37
572,226,10,member,2023-10-20 03:36:11
573,226,25,member,2022-09-27 08:36:38
574,227,68,member,2020-10-30 23:17:06
575,227,7,member,2020-06-06 16:28:50
576,227,66,member,2022-01-23 10:06:24
577,227,65,member,2023-05-03 04:26:46
578,227,49,member,2020-10-10 03:59:59
579,228,7,member,2018-02-03 22:58:34
580,228,5,member,2024-07-18 00:05:31
581,228,39,member,2020-03-09 04:22:53
582,228,40,member,2023-04-07 06:41:25
583,230,34,member,2024-06-26 12:22:12
584,230,4,member,2018-05-12 21:36:33
585,231,15,admin,2024-06-13 02:32:39
586,231,8,admin,2020-12-11 20:51:41
587,231,49,member,2020-05-28 23:57:00
588,231,50,member,2021-07-19 12:57:52
589,232,13,member,2019-02-17 14:49:16
590,232,41,member,2018-07-05 18:48:17
591,232,7,member,2018-10-31 17:11:56
592,232,62,member,2024-11-25 21:25:19
593,233,27,member,2021-07-07 08:18:51
594,233,45,member,2023-10-06 17:21:17
595,234,41,member,2023-10-10 02:23:49
596,234,27,member,2023-11-15 04:33:18
597,234,55,member,2024-01-23 21:08:09
598,234,54,member,2021-09-20 16:35:20
599,235,15,member,2020-01-03 12:15:34
600,235,26,member,2023-11-28 15:47:50
601,235,4,member,2021-06-12 01:59:14
602,235,65,admin,2024-08-20 12:20:10
603,236,12,member,2020-12-04 23:21:58
604,236,15,member,2021-02-04 07:05:19
605,236,38,member,2019-02-23 06:49:17
606,236,42,member,2018-08-24 08:33:05
607,236,10,member,2018-02-20 22:51:42
608,237,2,member,2021-11-09 10:39:11
609,237,40,member,2024-03-02 03:33:59
610,238,21,admin,2022-09-09 08:16:38
611,238,43,member,2023-01-07 09:00:34
612,238,6,member,2019-09-29 02:18:43
613,239,11,member,2018-08-24 00:58:04
614,239,9,member,2019-09-29 10:00:13
615,239,17,admin,2020-08-12 11:09:22
616,239,64,member,2018-07-31 07:54:33
617,239,52,member,2020-05-23 08:46:04
618,240,17,member,2023-08-27 16:54:24
619,241,22,member,2021-05-16 07:06:07
620,241,5,member,2022-01-08 12:10:24
621,241,43,member,2020-02-14 02:50:20
622,242,5,member,2023-05-03 13:14:10
623,242,65,member,2020-12-11 21:34:22
624,242,3,member,2024-10-31 19:53:55
625,243,37,member,2023-07-25 03:26:36
626,243,58,admin,2023-01-05 00:05:35
627,244,61,member,2020-12-19 06:25:36
628,244,1,member,2020-06-08 10:31:29
629,244,41,admin,2022-02-18 14:46:32
630,245,58,member,2018-04-30 05:58:51
631,245,19,member,2018-06-21 00:35:07
632,245,4,member,2021-05-09 00:25:10
633,247,20,member,2021-02-10 11:10:30
634,247,31,member,2019-05-20 00:14:50
635,248,62,member,2020-11-09 13:16:40
636,248,44,member,2023-11-06 16:46:54
637,248,25,member,2022-02-06 23:47:10
638,249,67,member,2023-06-30 02:12:52
639,249,33,admin,2020-12-09 09:45:22
640,250,19,member,2023-10-12 04:37:32
641,252,43,member,2023-06-18 15:00:43
642,253,27,member,2024-07-09 15:41:28
643,253,3,member,2019-01-07 01:51:53
644,253,66,member,2019-02-09 14:56:01
645,254,41,member,2021-03-12 08:11:19
646,254,65,member,2022-08-20 00:54:04
647,254,67,member,2021-08-24 08:55:22
648,254,22,member,2023-06-21 20:21:06
649,254,4,member,2023-08-17 06:35:09
650,256,50,member,2018-09-25 04:02:54
651,256,55,member,2022-04-11 18:17:32
652,258,2,member,2018-08-09 06:25:28
653,258,44,member,2023-08-25 19:59:55
654,260,37,member,2024-09-09 14:41:35
655,260,9,member,2019-11-25 10:59:18
656,260,49,admin,2018-09-07 10:58:07
657,260,42,member,2024-01-12 14:21:34
658,260,22,member,2023-02-27 15:52:17
659,261,65,member,2022-06-04 01:40:38
660,261,51,member,2021-02-04 07:49:57
661,261,64,member,2021-09-05 22:35:45
662,261,60,member,2019-12-12 03:52:16
663,261,16,member,2018-02-17 01:49:17
664,262,13,member,2023-10-15 12:23:22
665,262,63,member,2018-09-09 01:53:40
666,262,17,member,2018-10-01 03:33:06
667,265,6,member,2022-01-01 13:14:07
668,265,30,member,2020-08-01 03:17:35
669,266,5,member,2022-12-05 09:35:59
670,267,62,member,2023-05-01 04:52:36
671,268,16,member,2021-05-12 17:54:25
672,268,41,member,2024-08-22 08:28:38
673,268,69,member,2022-11-26 18:13:33
674,269,15,member,2022-12-14 03:36:52
675,269,23,member,2023-02-21 12:57:56
676,269,8,member,2021-07-11 19:59:02
677,269,38,member,2018-12-06 11:10:41
678,269,59,member,2018-09-26 01:37:39
679,271,12,member,2024-04-17 22:00:57
680,271,70,member,2019-08-31 14:40:58
681,271,5,member,2020-12-28 21:46:10
682,271,8,admin,2022-07-31 23:17:49
683,272,62,member,2024-07-03 14:59:02
684,272,5,member,2018-07-10 15:08:02
685,272,31,admin,2023-04-24 00:42:22
686,272,25,member,2024-08-26 12:23:21
687,272,63,member,2018-07-28 20:34:34
688,273,69,member,2023-05-23 05:56:17
689,274,52,member,2024-10-03 12:45:47
690,275,12,member,2019-02-14 09:50:22
691,275,2,member,2022-03-08 18:02:33
692,275,67,member,2019-04-30 12:11:53
693,275,54,member,2020-03-24 20:15:45
694,275,1,member,2022-04-26 15:02:12
695,276,40,member,2018-06-27 04:19:36
696,276,47,member,2021-12-10 15:41:54
697,276,11,member,2022-07-09 10:31:25
698,277,8,member,2020-10-31 20:05:48
699,278,29,member,2021-09-19 09:39:41
700,278,31,member,2018-03-24 09:16:37
701,278,17,member,2018-09-09 07:58:44
702,279,32,admin,2019-05-30 15:21:18
703,279,14,member,2023-10-16 16:17:20
704,279,10,admin,2020-01-06 02:12:26
705,280,43,admin,2021-10-28 15:01:14
706,280,58,member,2023-02-21 00:17:08
707,280,28,member,2019-09-15 12:00:09
708,280,23,member,2018-11-03 06:34:28
709,280,39,member,2024-11-18 00:29:25
710,281,4,member,2022-03-30 00:09:08
711,281,19,member,2020-07-01 13:18:39
712,281,14,admin,2023-06-04 00:03:20
713,281,42,member,2024-03-18 06:32:07
714,282,59,member,2024-01-25 11:45:05
715,282,48,member,2022-05-05 23:10:31
716,282,66,member,2024-07-23 17:41:15
717,284,70,member,2021-02-06 19:39:18
718,284,12,member,2023-12-22 15:56:37
719,284,53,member,2024-05-18 17:36:07
720,284,55,member,2021-07-05 12:24:51
721,285,13,member,2024-12-13 07:03:42
722,285,51,member,2022-07-17 21:00:24
723,286,43,member,2021-04-01 11:30:23
724,287,55,member,2018-09-20 00:55:59
725,287,12,member,2022-03-13 21:21:24
726,288,44,member,2019-10-15 18:23:50
727,288,56,member,2019-12-01 08:14:54
728,291,16,member,2022-07-19 19:09:15
729,291,34,member,2018-04-23 08:36:30
730,291,26,member,2022-09-18 22:33:49
731,292,27,member,2022-01-08 20:30:45
732,292,61,member,2018-05-29 17:12:27
733,292,55,member,2022-03-30 20:06:37
734,293,27,member,2022-11-16 17:47:48
735,293,62,admin,2022-09-06 14:22:00
736,293,45,member,2019-02-11 05:55:47
737,293,15,member,2020-06-18 22:15:17
738,293,20,member,2018-05-14 18:42:36
739,294,36,member,2023-12-12 02:06:51
740,294,5,admin,2023-01-07 23:31:12
741,294,65,member,2021-02-11 14:30:13
742,294,23,member,2024-05-26 02:20:54
743,295,22,member,2021-07-10 15:01:32
744,295,51,member,2024-10-05 23:34:28
745,295,64,member,2018-10-13 17:56:54
746,295,57,member,2023-10-24 12:05:56
747,296,51,member,2023-09-21 15:31:34
748,297,24,member,2019-02-07 23:09:54
749,297,65,admin,2022-01-16 12:28:18
750,297,56,member,2023-06-27 19:53:05
751,297,33,member,2024-12-11 12:08:17
752,298,39,admin,2023-07-05 01:53:03
753,298,10,member,2019-12-10 10:03:10
754,298,45,member,2024-04-13 03:25:45
755,298,15,member,2019-01-07 20:17:53
756,299,22,member,2024-07-20 22:34:04
757,299,13,admin,2023-10-30 21:22:06
758,299,69,member,2023-06-17 10:47:27
759,299,58,member,2023-05-02 14:06:17
760,299,17,member,2020-05-24 19:27:28
761,300,51,member,2023-03-03 00:09:27
762,300,4,member,2019-09-17 17:13:50
763,302,22,member,2024-07-01 15:49:28
764,302,31,member,2022-03-31 13:54:30
765,302,44,member,2023-09-15 21:09:44
766,302,15,member,2018-01-25 11:10:12
767,302,56,member,2020-03-01 09:51:37
768,303,58,member,2022-02-20 11:13:34
769,303,64,member,2024-03-28 12:10:25
770,303,21,member,2018-02-05 00:18:07
771,306,2,member,2021-06-26 10:11:58
772,306,26,member,2021-11-04 17:50:39
773,306,14,member,2020-04-12 10:14:30
774,306,35,member,2019-11-15 16:11:15
775,307,22,member,2022-02-13 05:29:33
776,307,40,admin,2018-10-28 04:53:21
777,307,29,member,2020-10-28 10:59:29
778,308,42,member,2021-02-06 18:09:44
779,308,63,member,2023-04-22 10:31:41
780,309,51,member,2022-03-28 21:41:47
781,309,64,member,2021-11-30 09:33:30
782,310,55,member,2020-06-29 00:56:34
783,310,21,admin,2021-10-25 16:33:34
784,311,25,member,2022-09-12 12:03:39
785,311,50,member,2020-04-29 19:47:30
786,311,27,member,2023-07-25 13:19:59
787,312,41,member,2022-02-03 08:26:42
788,312,64,member,2020-06-08 20:30:24
789,312,6,member,2024-08-23 19:50:51
790,312,64,member,2022-12-23 07:54:08
791,313,60,member,2024-04-21 05:52:40
792,314,51,member,2019-05-02 06:42:18
793,314,51,member,2021-12-08 23:49:10
794,314,12,member,2023-02-16 05:20:40
795,316,31,member,2024-04-13 21:49:53
796,316,61,member,2022-11-04 20:46:32
797,316,20,member,2023-01-25 06:08:21
798,319,22,member,2023-12-14 12:34:39
799,319,17,member,2023-06-09 00:38:53
800,319,15,member,2024-08-10 23:25:51
801,320,29,member,2021-11-03 00:48:38
802,320,21,member,2022-02-25 07:07:10
803,320,8,member,2022-09-02 05:29:44
804,321,11,member,2023-04-30 16:24:14
805,321,40,member,2018-10-30 00:52:08
806,321,57,member,2021-11-24 09:07:11
807,321,56,admin,2019-06-23 08:25:21
808,322,59,member,2023-06-17 13:24:36
809,322,34,admin,2021-12-10 15:22:12
810,322,56,member,2023-10-04 02:34:32
811,323,23,member,2019-04-02 12:43:01
812,323,70,admin,2018-08-12 03:44:52
813,323,41,admin,2024-08-21 00:03:27
814,323,56,member,2024-06-22 07:59:41
815,324,1,admin,2024-01-19 07:27:14
816,325,14,member,2024-05-29 10:01:49
817,326,2,member,2020-01-04 14:36:35
818,326,44,member,2021-07-29 19:28:58
819,326,35,member,2023-12-09 21:34:27
820,327,49,member,2019-04-22 08:09:57
821,327,10,member,2018-04-27 06:35:37
822,327,47,member,2024-06-21 11:34:19
823,327,43,member,2019-12-22 06:18:38
824,329,50,member,2020-06-21 05:01:31
825,329,69,member,2018-08-16 02:44:21
826,329,15,admin,2024-10-25 04:27:20
827,329,21,member,2020-11-26 03:18:44
828,329,9,member,2021-01-27 13:32:40
829,330,35,member,2024-06-21 21:07:38
830,330,55,member,2019-01-30 14:43:19
831,330,50,member,2024-10-05 07:18:33
832,330,25,member,2024-10-26 20:18:45
833,333,17,member,2022-09-24 02:01:24
834,333,64,member,2019-11-25 03:41:12
835,333,32,member,2021-07-08 07:37:17
836,333,43,member,2022-12-30 22:32:15
837,333,34,member,2023-09-10 16:32:28
838,334,55,member,2018-08-22 08:06:05
839,334,69,member,2021-04-20 01:12:16
840,334,62,admin,2020-01-31 06:13:19
841,334,42,member,2019-11-14 10:01:18
842,334,12,member,2020-11-16 15:30:09
843,335,60,admin,2022-05-31 11:37:09
844,335,9,member,2018-01-27 13:21:30
845,337,37,admin,2023-06-10 19:01:20
846,337,36,member,2022-04-28 04:59:01
847,338,37,member,2020-04-28 13:15:13
848,338,69,member,2018-02-15 10:19:24
849,339,8,member,2022-11-19 02:21:13
850,339,30,member,2019-11-18 13:39:26
851,339,39,admin,2022-11-08 23:12:05
852,340,5,member,2022-11-09 08:42:21
853,340,8,member,2019-08-30 11:06:33
854,340,3,member,2022-06-16 11:32:48
855,341,62,member,2024-12-21 06:26:04
856,341,54,admin,2018-07-12 12:56:21
857,341,48,admin,2022-11-29 03:43:18
858,342,10,member,2024-04-30 09:05:28
859,342,53,member,2022-04-28 19:12:57
860,342,58,member,2021-07-19 15:48:40
861,342,8,admin,2018-05-14 12:05:42
862,342,47,member,2018-04-04 09:54:32
863,343,24,member,2020-10-11 11:56:56
864,343,6,member,2024-01-06 13:12:36
865,343,11,member,2019-03-13 12:37:00
866,344,70,member,2021-06-16 13:24:23
867,344,38,member,2020-06-23 22:28:31
868,345,14,member,2023-01-16 08:00:37
869,345,62,member,2018-12-04 21:05:59
870,345,28,member,2018-07-04 11:40:03
871,345,6,member,2019-03-18 22:07:28
872,346,68,member,2019-12-15 09:39:16
873,346,16,member,2024-09-13 17:27:40
874,346,59,member,2024-07-30 17:42:58
875,347,6,member,2018-06-05 19:58:17
876,347,69,member,2020-05-27 13:10:48
877,347,16,member,2020-10-15 19:24:05
878,347,3,admin,2019-11-05 02:46:05
879,348,18,member,2022-06-16 05:08:05
880,348,39,member,2018-01-15 22:15:55
881,348,68,member,2024-11-01 21:57:39
882,348,29,member,2023-04-10 04:21:24
883,349,7,member,2018-01-25 05:06:41
884,349,39,member,2024-07-09 22:43:49
885,349,55,member,2023-08-04 11:51:21
886,349,47,member,2018-11-04 10:12:03
887,349,48,member,2021-03-15 11:10:12
888,350,10,member,2023-02-02 08:21:10
889,350,8,admin,2019-08-02 07:50:28
890,350,22,member,2024-07-02 06:33:15
891,351,52,member,2020-09-22 03:57:40
892,351,55,member,2021-09-15 20:23:07
893,351,64,member,2020-05-05 11:16:11
894,351,4,member,2021-08-17 21:31:00
895,354,30,member,2022-01-29 11:44:58
896,354,67,member,2022-10-16 08:05:31
897,355,29,member,2019-04-30 21:30:54
898,355,10,member,2021-01-08 16:32:23
899,356,14,admin,2020-06-20 09:56:59
900,356,66,member,2022-05-17 19:39:36
901,356,7,admin,2019-08-16 10:22:38
902,356,43,member,2020-12-04 14:06:44
903,357,26,admin,2021-05-09 15:05:33
904,357,62,member,2023-04-04 02:27:29
905,359,64,member,2020-03-31 20:56:39
906,359,36,member,2020-01-29 14:03:48
907,360,32,member,2019-03-12 16:54:32
908,360,49,member,2021-05-24 18:53:53
909,361,67,admin,2019-02-21 15:41:37
910,361,49,member,2019-07-04 05:59:45
911,362,57,member,2023-09-26 12:30:12
912,362,28,admin,2020-04-24 06:44:26
913,362,48,member,2024-01-04 20:11:25
914,362,18,member,2022-05-05 12:24:41
915,363,59,member,2022-09-11 11:08:33
916,363,63,member,2024-10-03 13:07:08
917,363,64,member,2020-05-24 07:28:26
918,364,9,admin,2021-10-09 09:51:02
919,366,38,member,2020-07-20 02:07:07
920,366,43,member,2019-03-01 10:53:45
921,366,38,member,2018-05-18 04:16:40
922,366,5,member,2019-06-23 18:29:57
923,367,52,admin,2023-10-06 15:24:38
924,367,33,member,2018-05-06 11:45:23
925,367,55,member,2019-05-18 07:41:05
926,368,61,admin,2024-10-04 12:16:20
927,368,37,member,2019-01-06 14:42:52
928,368,22,member,2018-07-17 19:02:32
929,369,5,member,2020-11-30 02:36:30
930,369,6,member,2020-11-08 09:36:51
931,369,23,member,2019-06-23 02:34:06
932,369,36,member,2024-09-27 01:24:33
933,370,48,member,2023-07-01 20:24:37
934,370,41,member,2022-11-05 13:39:10
935,370,24,member,2024-05-14 20:48:05
936,370,16,member,2020-08-08 16:08:24
937,370,49,member,2022-03-09 08:54:13
938,371,42,member,2022-07-24 10:00:35
939,371,44,member,2023-02-12 11:11:35
940,371,44,member,2023-04-29 18:10:27
941,371,28,member,2021-03-04 01:35:13
942,372,68,member,2019-08-13 22:41:15
943,372,55,member,2021-11-25 07:10:14
944,372,68,member,2023-08-16 15:32:26
945,373,40,member,2019-11-06 23:00:29
946,375,17,member,2018-07-15 16:17:43
947,375,47,member,2022-02-23 16:57:36
948,375,61,member,2020-05-05 11:35:16
949,375,55,member,2023-02-02 16:17:06
950,375,36,member,2021-12-10 04:47:55
951,376,40,member,2019-09-25 10:24:37
952,379,66,member,2021-08-09 19:17:59
953,379,35,member,2020-05-27 22:46:28
954,379,61,member,2022-01-07 15:21:32
955,379,25,member,2023-07-12 21:20:02
956,382,25,member,2023-09-03 16:15:40
957,383,44,member,2021-01-21 12:51:45
958,383,68,admin,2020-10-21 11:06:54
959,383,57,member,2021-12-10 05:28:05
960,383,34,member,2020-12-15 18:41:43
961,383,3,member,2022-04-25 02:03:09
962,384,46,member,2023-04-09 04:09:35
963,384,29,member,2021-11-27 17:16:16
964,384,60,member,2024-04-24 08:20:27
965,384,13,member,2018-10-05 23:17:24
966,384,70,member,2019-12-07 05:45:59
967,385,32,admin,2023-02-05 02:44:32
968,385,10,member,2019-10-15 21:11:07
969,386,50,member,2022-12-16 03:56:29
970,388,58,member,2024-11-14 22:12:37
971,388,53,admin,2021-02-17 01:19:13
972,388,8,member,2022-04-30 22:41:09
973,389,66,member,2019-11-28 21:42:26
974,389,2,member,2021-06-19 11:55:28
975,389,38,member,2021-10-18 05:21:59
976,389,21,member,2022-01-30 03:02:22
977,390,56,member,2021-07-10 17:06:22
978,390,18,admin,2021-02-04 03:16:26
979,390,49,member,2022-11-20 17:09:22
980,390,39,member,2022-06-15 23:46:00
981,391,64,member,2022-07-20 18:28:16
982,391,23,member,2020-07-27 11:07:13
983,391,67,member,2018-11-14 07:08:41
984,391,43,member,2019-04-07 13:12:39
985,393,63,member,2018-05-15 21:48:02
986,393,15,member,2021-11-12 15:10:13
987,393,36,member,2024-07-27 08:00:21
988,393,8,member,2019-08-23 09:45:46
989,393,30,member,2021-08-05 18:42:03
990,394,4,member,2023-03-19 07:58:08
991,394,10,member,2019-05-15 20:44:18
992,394,6,member,2022-02-28 05:43:16
993,395,62,member,2023-08-17 14:34:09
994,396,63,member,2024-10-22 15:55:56
995,396,17,member,2023-01-17 23:57:01
996,396,3,member,2024-01-04 11:38:02
997,397,52,member,2024-12-28 21:34:39
998,397,54,member,2020-12-04 17:54:33
999,397,18,member,2018-06-09 03:09:10
1000,397,19,member,2020-06-15 05:37:58
1001,398,28,member,2021-09-01 18:01:27
1002,398,19,member,2021-08-06 10:08:02
1003,398,67,member,2018-04-11 19:35:07
1004,398,5,admin,2023-08-02 07:43:19
1005,398,67,member,2022-04-25 23:17:43
1006,399,39,member,2022-09-16 11:02:14
1007,400,29,member,2019-03-18 05:23:21
1008,400,33,member,2024-12-26 14:32:06
1009,400,40,member,2020-06-24 08:21:59
1010,400,14,member,2020-12-15 20:00:44
1011,401,42,member,2020-12-01 23:32:25
1012,401,8,member,2024-12-03 18:29:13
1013,401,69,member,2022-04-13 01:28:57
1014,401,15,member,2019-03-12 23:19:17
1015,402,49,member,2020-08-17 07:19:01
1016,402,39,member,2024-05-03 10:33:40
1017,402,43,member,2018-09-23 23:19:44
1018,403,51,member,2018-10-16 15:01:08
1019,403,17,member,2020-01-02 02:10:31
1020,403,70,member,2023-08-29 12:32:55
1021,404,35,member,2021-03-18 11:15:54
1022,404,59,member,2019-10-25 16:51:59
1023,404,10,member,2019-02-26 22:40:27
1024,404,42,member,2023-03-03 12:13:45
1025,404,11,member,2020-07-23 13:33:55
1026,409,53,member,2021-07-19 17:56:59
1027,409,52,member,2022-11-07 17:44:57
1028,409,20,member,2018-10-30 01:12:00
1029,409,3,member,2018-09-05 12:05:44
1030,413,23,member,2022-03-20 07:35:08
1031,413,22,member,2021-09-20 06:25:02
1032,414,52,member,2018-11-25 14:51:22
1033,414,70,member,2020-10-28 14:29:28
1034,414,67,admin,2024-05-15 11:33:29
1035,414,67,member,2018-10-17 19:20:37
1036,418,34,member,2022-11-12 04:23:57
1037,418,13,member,2024-03-10 05:41:17
1038,418,58,member,2021-01-28 05:26:17
1039,418,8,member,2024-12-25 08:49:35
1040,418,16,member,2022-01-12 17:21:05
1041,419,55,member,2020-06-23 10:09:56
1042,419,37,member,2018-08-13 09:33:52
1043,419,52,member,2020-11-13 07:20:27
1044,419,12,member,2022-07-22 14:32:24
1045,420,41,member,2024-11-15 15:20:40
1046,420,57,member,2022-12-27 00:26:25
1047,420,6,member,2021-10-03 19:18:11
1048,422,47,member,2022-06-14 23:47:14
1049,422,67,member,2018-03-15 17:13:57
1050,423,65,member,2022-12-13 09:19:07
1051,423,61,member,2020-12-01 02:32:29
1052,424,32,admin,2018-11-13 13:20:02
1053,424,24,member,2023-10-09 07:44:56
1054,425,11,member,2022-05-28 21:00:48
1055,426,22,member,2022-01-21 07:09:50
1056,426,3,member,2018-11-23 23:00:51
1057,426,55,member,2018-01-02 16:40:28
1058,426,67,member,2019-08-15 03:58:16
1059,426,20,member,2018-02-07 05:57:19
1060,427,4,member,2023-01-23 00:28:59
1061,427,26,member,2020-06-09 23:57:38
1062,427,6,member,2021-03-18 17:52:27
1063,428,44,member,2021-05-29 20:26:02
1064,428,43,member,2021-03-31 03:18:23
1065,428,39,admin,2019-11-14 03:16:08
1066,428,52,member,2019-12-08 07:37:41
1067,429,58,admin,2019-01-11 13:59:00
1068,429,5,member,2019-02-19 15:31:57
1069,429,8,admin,2019-09-25 03:20:41
1070,429,37,member,2022-08-15 09:28:11
1071,429,12,member,2018-05-07 14:43:25
1072,432,16,admin,2023-01-28 08:38:21
1073,432,46,member,2022-08-12 00:22:31
1074,432,24,member,2018-06-08 10:55:12
1075,432,20,member,2024-10-08 08:49:59
1076,432,11,member,2021-07-14 15:59:15
1077,434,31,member,2021-02-02 18:30:56
1078,435,65,member,2023-12-03 20:04:33
1079,435,1,member,2021-09-26 02:23:42
1080,436,33,member,2019-01-17 16:06:41
1081,436,25,member,2020-08-15 01:14:15
1082,436,35,member,2023-07-03 13:01:21
1083,436,25,member,2019-08-02 14:53:56
1084,436,46,member,2020-09-18 09:09:03
1085,437,38,member,2022-03-06 01:00:20
1086,437,62,member,2019-06-03 13:00:53
1087,437,12,member,2022-10-19 10:08:53
1088,437,14,member,2022-08-23 12:07:49
1089,437,65,member,2018-04-14 18:35:41
1090,438,7,member,2024-08-12 20:20:59
1091,438,63,member,2021-06-26 07:04:52
1092,438,3,member,2023-11-09 02:25:10
1093,438,51,member,2024-02-25 12:49:58
1094,438,27,member,2022-02-04 19:46:34
1095,440,27,member,2023-10-21 20:19:44
1096,440,33,member,2024-05-12 21:32:16
1097,440,64,member,2020-05-06 05:03:16
1098,440,14,admin,2024-04-22 09:49:12
1099,440,37,member,2018-03-13 18:06:29
1100,441,60,admin,2024-10-02 11:53:01
1101,441,47,member,2022-06-30 14:03:14
1102,442,1,admin,2022-12-03 11:31:02
1103,442,70,member,2019-01-12 02:21:10
1104,442,40,member,2018-11-08 00:21:31
1105,443,11,member,2024-11-11 18:28:08
1106,443,41,member,2019-04-24 06:39:22
1107,444,11,member,2018-09-14 05:34:06
1108,444,70,member,2019-05-04 08:10:35
1109,445,38,admin,2019-03-10 07:58:18
1110,445,51,member,2018-09-08 14:13:40
1111,445,51,member,2023-10-25 11:03:29
1112,445,31,member,2022-06-22 21:08:14
1113,445,29,member,2022-10-22 17:22:30
1114,446,32,member,2022-12-11 15:20:39
1115,446,63,member,2018-09-13 06:51:08
1116,446,30,member,2024-01-25 11:30:46
1117,446,23,member,2024-01-23 04:20:54
1118,446,31,member,2022-06-17 18:54:18
1119,449,39,member,2021-05-26 14:59:15
1120,449,31,member,2022-04-15 12:59:36
1121,450,18,member,2023-07-17 14:42:30
1122,450,55,member,2021-03-04 15:10:52
1123,450,9,admin,2021-04-15 11:01:56
1124,450,46,member,2024-01-10 09:13:22
1125,450,21,admin,2021-07-28 12:32:56
1126,453,66,member,2023-05-21 05:26:30
1127,453,30,member,2024-04-17 06:28:42
1128,453,14,member,2022-01-21 03:09:41
1129,454,7,member,2023-12-01 21:19:24
1130,454,58,member,2024-02-16 19:32:04
1131,454,8,member,2022-05-01 13:16:41
1132,454,9,member,2022-06-08 16:23:04
1133,455,14,member,2023-04-11 06:46:50
1134,455,37,member,2022-01-09 02:56:23
1135,455,70,member,2021-03-15 23:47:35
1136,455,39,admin,2021-05-28 14:23:47
1137,455,27,member,2023-06-21 14:43:58
1138,456,53,member,2018-05-21 02:35:33
1139,456,68,member,2023-01-27 08:50:06
1140,456,33,member,2023-09-27 18:21:41
1141,456,29,member,2019-04-28 17:41:11
1142,456,26,member,2020-01-05 08:57:30
1143,457,34,member,2019-04-14 22:11:52
1144,457,5,member,2019-06-16 07:13:34
1145,458,43,member,2024-05-11 00:29:16
1146,458,1,member,2019-06-28 01:27:14
1147,458,30,member,2019-02-19 20:15:56
1148,458,43,member,2018-12-30 11:41:52
1149,459,68,member,2024-12-17 02:54:58
1150,459,29,member,2024-08-13 22:19:56
1151,461,13,member,2022-05-24 02:46:09
1152,461,16,member,2022-07-05 04:43:44
1153,461,19,member,2022-08-19 15:15:47
1154,461,39,member,2018-09-15 09:59:02
1155,462,46,member,2020-07-12 23:34:38
1156,462,9,member,2019-08-28 04:36:24
1157,462,20,member,2019-02-20 06:12:37
1158,462,22,member,2021-03-28 20:47:28
1159,463,37,member,2024-12-16 09:52:37
1160,463,61,member,2019-11-03 18:57:04
1161,463,47,member,2022-08-16 12:17:24
1162,464,31,member,2024-06-25 17:29:18
1163,464,8,member,2022-07-23 03:58:39
1164,464,17,member,2023-05-06 03:50:12
1165,464,48,member,2021-08-13 02:36:30
1166,465,50,member,2023-10-08 03:06:32
1167,465,57,member,2023-07-04 17:12:34
1168,465,55,member,2021-06-08 21:36:44
1169,466,24,member,2021-08-06 02:59:12
1170,466,30,member,2018-10-07 13:49:07
1171,466,47,member,2024-04-03 19:07:02
1172,466,38,member,2018-07-24 13:42:48
1173,466,29,member,2022-01-10 04:18:06
1174,468,28,member,2023-09-11 09:58:39
1175,468,69,member,2022-05-09 00:27:33
1176,468,53,member,2024-08-18 09:12:36
1177,468,28,member,2022-12-03 15:44:56
1178,469,60,member,2021-07-19 21:36:58
1179,469,23,admin,2019-02-25 21:18:25
1180,469,57,admin,2022-05-16 09:49:06
1181,469,64,member,2021-12-01 09:32:25
1182,469,40,member,2019-03-16 06:55:06
1183,470,33,admin,2022-08-02 08:05:02
1184,470,40,member,2019-07-10 19:05:54
1185,470,20,member,2019-11-30 14:38:30
1186,473,39,admin,2018-04-13 08:37:31
1187,473,45,member,2022-07-24 18:18:10
1188,473,43,member,2024-01-02 02:20:40
1189,473,16,member,2024-12-22 00:39:55
1190,473,4,member,2023-08-23 03:02:48
1191,474,3,member,2021-08-31 06:27:03
1192,474,42,member,2021-11-07 23:47:36
1193,474,58,member,2020-10-07 11:57:46
1194,474,42,member,2024-10-04 00:43:38
1195,475,58,member,2023-02-22 08:45:05
1196,475,39,member,2024-06-12 16:17:09
1197,476,35,member,2021-06-11 06:20:45
1198,477,15,member,2024-03-28 02:35:51
1199,478,34,member,2023-06-19 18:11:30
1200,478,69,member,2022-10-17 15:42:36
1201,478,25,admin,2021-05-23 01:56:55
1202,478,70,member,2019-12-04 10:31:15
1203,479,65,member,2023-05-29 19:30:17
1204,479,3,member,2020-11-06 05:16:18
1205,479,70,member,2019-01-11 14:32:34
1206,480,39,member,2021-08-09 22:06:00
1207,480,49,member,2020-12-13 04:10:39
1208,480,7,member,2018-04-18 15:02:36
1209,480,48,member,2023-10-09 04:56:29
1210,480,4,member,2023-10-27 21:00:20
1211,481,65,member,2020-01-07 14:18:45
1212,481,21,member,2020-11-23 06:45:29
1213,481,39,member,2024-08-30 22:54:18
1214,481,57,member,2018-04-30 10:17:28
1215,481,56,member,2018-09-20 04:22:21
1216,482,35,admin,2019-10-05 17:30:37
1217,482,29,member,2019-07-26 02:24:08
1218,482,53,member,2024-05-17 06:55:38
1219,483,34,member,2018-01-20 07:10:45
1220,484,9,member,2024-08-09 03:55:26
1221,484,55,member,2024-11-03 13:01:09
1222,484,67,member,2020-03-27 12:54:59
1223,485,29,member,2024-08-30 09:20:19
1224,485,46,member,2023-04-07 06:12:59
1225,485,55,member,2021-12-26 13:23:51
1226,486,69,admin,2022-03-09 03:13:33
1227,486,42,member,2020-08-22 13:27:22
1228,486,29,member,2023-03-11 11:52:29
1229,486,23,member,2022-07-18 13:45:46
1230,486,31,member,2020-02-20 12:39:02
1231,487,34,member,2023-10-14 18:52:51
1232,487,41,member,2023-08-21 23:57:09
1233,489,40,member,2023-03-06 16:49:25
1234,490,61,member,2018-12-13 16:02:44
1235,490,1,member,2018-05-23 13:04:12
1236,490,5,member,2019-09-16 11:29:47
1237,490,31,member,2023-05-26 14:40:54
1238,490,68,member,2019-06-05 23:14:07
1239,491,16,member,2019-09-01 16:10:30
1240,491,45,member,2022-05-01 06:55:14
1241,491,67,admin,2018-09-24 08:37:41
1242,491,51,member,2019-10-18 01:13:03
1243,492,8,member,2022-01-13 13:21:46
1244,493,44,admin,2023-12-31 06:58:56
1245,493,17,member,2023-04-25 22:20:09
1246,494,41,member,2020-11-09 01:01:51
1247,496,42,member,2023-04-08 18:18:18
1248,498,16,member,2020-02-05 06:16:26
1249,498,2,member,2020-07-14 02:43:53
1250,498,6,member,2022-08-20 14:04:20
1251,499,36,member,2018-09-25 21:56:50
1252,500,14,member,2019-08-24 15:17:47
1253,500,26,member,2024-11-04 07:01:44
1254,500,61,member,2018-01-12 23:32:21
1255,500,10,member,2023-01-09 07:40:47
1256,501,54,member,2022-08-22 15:18:44
1257,502,10,member,2020-05-11 11:11:55
1258,502,60,member,2022-03-07 05:59:18
1259,502,46,member,2019-07-17 15:25:11
1260,503,48,member,2023-07-01 12:42:16
1261,504,67,admin,2019-09-30 01:55:49
1262,504,44,member,2024-01-26 08:03:54
1263,506,9,member,2019-11-26 15:27:44
1264,506,60,member,2023-06-24 02:26:54
1265,506,58,member,2024-07-21 17:52:40
1266,506,25,member,2018-12-31 19:57:41
1267,506,21,member,2019-01-27 09:43:59
1268,507,62,member,2024-04-21 06:18:09
1269,507,18,member,2024-05-22 20:22:32
1270,507,57,member,2020-11-29 01:57:00
1271,508,31,member,2021-01-08 09:11:41
1272,509,31,member,2020-05-01 11:02:50
1273,509,44,member,2020-10-08 07:28:41
1274,509,58,member,2022-08-28 08:32:15
1275,509,19,admin,2024-03-09 07:58:14
1276,510,41,admin,2019-01-08 16:57:23
1277,510,2,member,2022-03-24 10:38:07
1278,510,11,member,2023-06-18 08:55:56
1279,512,13,member,2018-06-04 13:12:41
1280,512,40,member,2018-11-01 06:13:53
1281,514,25,member,2019-08-21 13:28:26
1282,514,59,member,2020-11-17 03:49:57
1283,516,52,member,2023-04-23 12:50:45
1284,516,33,member,2020-04-22 11:51:14
1285,516,44,member,2023-08-03 14:23:44
1286,516,66,member,2018-05-25 08:39:08
1287,517,5,member,2022-11-10 14:29:47
1288,517,50,member,2024-12-27 11:22:07
1289,517,5,member,2021-12-13 11:15:22
1290,519,37,member,2020-06-07 13:32:29
1291,519,46,member,2021-07-12 15:56:34
1292,519,48,member,2023-10-08 14:17:25
1293,519,41,member,2020-11-12 13:55:10
1294,519,12,member,2022-07-21 03:40:28
1295,520,7,member,2023-03-09 12:10:53
1296,520,52,member,2024-05-31 08:17:58
1297,520,47,member,2023-07-10 16:41:30
1298,520,49,member,2020-07-31 16:31:35
1299,521,33,member,2021-10-05 22:50:11
1300,521,5,member,2019-10-19 01:08:24
1301,521,22,member,2022-03-17 18:16:26
1302,521,46,member,2024-07-26 18:50:05
1303,522,23,member,2021-04-07 00:10:47
1304,522,31,member,2021-05-21 08:51:29
1305,523,43,member,2024-06-13 13:10:27
1306,523,46,member,2024-11-10 02:06:50
1307,523,30,admin,2020-03-12 19:22:56
1308,523,32,member,2018-07-08 03:45:33
1309,523,70,member,2023-09-04 18:59:26
1310,524,42,member,2023-06-14 16:56:52
1311,524,51,member,2024-04-17 05:15:32
1312,525,13,member,2024-12-08 19:53:24
1313,526,44,member,2023-07-29 12:56:57
1314,526,65,member,2022-04-26 07:00:37
1315,527,45,member,2018-11-20 05:16:27
1316,527,7,member,2020-09-24 02:45:13
1317,529,16,member,2023-10-21 02:45:29
1318,531,50,member,2022-06-05 16:21:08
1319,531,48,member,2019-06-15 10:17:31
1320,531,51,member,2019-10-18 09:45:18
1321,532,30,member,2020-02-01 10:23:43
1322,532,19,member,2018-09-24 09:37:16
1323,532,48,member,2021-09-15 18:50:52
1324,532,12,member,2020-08-01 14:35:11
1325,533,12,member,2023-01-03 21:14:37
1326,533,2,admin,2022-03-22 10:23:33
1327,533,3,member,2024-03-20 21:29:08
1328,534,59,member,2018-04-26 01:49:44
1329,534,23,member,2019-09-18 18:54:11
1330,535,53,member,2020-06-21 09:28:11
1331,535,22,member,2024-07-21 07:58:57
1332,535,65,member,2021-02-23 15:39:54
1333,536,38,member,2021-04-23 07:24:41
1334,537,13,member,2023-09-02 08:08:05
1335,537,20,admin,2019-07-03 10:35:56
1336,537,50,member,2024-10-08 19:04:17
1337,537,35,member,2020-10-14 14:38:11
1338,538,39,member,2022-03-15 14:49:52
1339,538,9,member,2023-11-01 06:59:51
1340,538,26,member,2021-01-14 06:24:07
1341,539,14,admin,2024-05-29 12:31:05
1342,540,14,member,2019-08-20 05:52:00
1343,540,27,member,2019-05-16 08:52:20
1344,541,13,member,2024-07-08 12:49:25
1345,541,14,member,2024-06-15 01:19:52
1346,541,49,member,2019-12-11 00:59:42
1347,541,31,member,2021-10-14 06:23:48
1348,542,54,member,2021-06-15 14:09:12
1349,542,43,member,2021-02-11 14:18:34
1350,542,18,member,2023-03-03 00:52:15
1351,542,21,member,2022-11-04 18:04:39
1352,542,48,member,2023-06-22 18:08:58
1353,543,16,member,2018-02-09 15:17:50
1354,543,39,member,2021-08-10 02:40:40
1355,543,26,member,2020-12-02 08:13:00
1356,543,27,member,2020-07-19 23:37:33
1357,544,67,member,2020-06-16 00:41:55
1358,544,52,member,2020-10-24 14:51:55
1359,544,28,member,2022-02-17 00:00:54
1360,544,19,member,2022-09-04 22:14:57
1361,544,37,member,2018-09-07 07:32:36
1362,545,62,member,2020-01-16 20:48:06
1363,546,9,member,2019-07-27 06:01:08
1364,546,11,member,2022-04-10 22:38:24
1365,546,5,member,2022-12-11 01:16:36
1366,546,13,member,2023-08-10 03:12:59
1367,547,67,member,2018-07-08 03:30:24
1368,547,8,member,2024-09-27 18:23:13
1369,547,2,member,2022-04-13 21:55:13
1370,547,5,member,2022-04-14 19:53:26
1371,547,1,member,2021-09-10 09:45:32
1372,549,24,member,2024-02-05 17:29:50
1373,549,24,member,2023-08-05 18:45:16
1374,549,63,member,2024-12-01 14:14:42
1375,549,6,member,2023-12-22 19:29:59
1376,549,39,member,2020-05-21 01:43:52
1377,550,56,member,2022-07-10 14:20:11
1378,550,50,member,2020-12-22 20:16:08
1379,550,63,member,2024-01-29 10:02:53
1380,551,62,admin,2020-05-27 02:28:24
1381,551,23,member,2019-04-19 12:35:37
1382,551,70,member,2024-06-04 22:38:28
1383,551,42,member,2020-09-20 03:38:44
1384,551,26,member,2022-05-27 11:56:55
1385,552,10,member,2024-12-12 02:09:47
1386,552,32,admin,2022-11-12 08:30:33
1387,552,67,member,2024-03-11 14:05:06
1388,552,41,member,2019-04-15 05:54:46
1389,554,59,member,2018-11-19 04:35:00
1390,555,50,member,2022-04-17 08:27:26
1391,555,44,member,2022-11-25 13:41:13
1392,555,13,admin,2020-03-07 17:23:08
1393,555,27,member,2019-03-24 03:02:57
1394,555,64,member,2019-01-10 08:49:30
1395,559,54,member,2023-06-16 11:04:42
1396,559,41,member,2018-02-18 01:23:45
1397,560,21,member,2020-09-17 14:59:29
1398,564,45,member,2020-12-14 19:53:53
1399,564,2,member,2019-12-02 15:00:14
1400,564,5,member,2022-09-19 19:34:18
1401,564,28,member,2021-06-07 03:48:27
1402,565,31,member,2018-10-19 09:18:48
1403,566,25,member,2021-05-30 13:23:01
1404,566,34,member,2020-01-30 07:50:25
1405,566,65,member,2023-01-12 00:51:39
1406,566,26,member,2022-04-19 07:29:35
1407,566,69,admin,2018-09-29 12:49:24
1408,568,56,member,2021-03-13 18:41:44
1409,568,25,member,2021-08-22 22:09:20
1410,568,50,member,2024-05-28 22:55:06
1411,568,46,member,2021-08-17 00:59:22
1412,568,67,member,2022-12-03 18:00:00
1413,570,47,member,2019-10-08 17:21:53
1414,570,47,member,2022-11-02 02:22:03
1415,570,33,admin,2024-09-09 00:00:44
1416,570,52,member,2022-08-19 06:52:45
1417,571,54,member,2019-09-23 12:00:31
1418,571,8,member,2021-11-27 19:16:48
1419,571,31,member,2024-09-24 12:53:00
1420,571,27,member,2022-03-24 03:03:09
1421,571,1,member,2018-01-02 02:35:02
1422,572,50,member,2019-01-24 00:40:43
1423,573,46,member,2021-05-24 13:22:42
1424,573,69,member,2019-10-23 16:52:28
1425,573,70,member,2020-06-13 23:28:55
1426,573,14,member,2021-07-27 10:46:21
1427,574,48,member,2024-05-02 17:16:02
1428,574,44,member,2024-01-16 11:53:17
1429,574,54,member,2021-06-20 13:43:59
1430,574,70,admin,2018-08-18 19:55:07
1431,575,17,member,2024-11-01 19:07:13
1432,575,45,member,2018-08-08 20:26:21
1433,575,27,member,2024-06-03 05:20:01
1434,575,65,member,2021-09-14 16:41:34
1435,576,15,member,2020-06-25 06:44:18
1436,576,16,member,2024-08-09 11:13:39
1437,576,42,member,2021-02-21 07:38:25
1438,576,41,member,2023-07-19 12:23:04
1439,577,67,member,2024-07-20 19:14:33
1440,577,36,admin,2023-10-10 19:15:27
1441,577,9,admin,2019-06-02 09:11:07
1442,577,44,member,2018-07-20 13:05:17
1443,577,68,member,2023-01-04 19:05:57
1444,578,54,member,2018-06-13 16:01:24
1445,578,8,member,2023-01-10 17:05:54
1446,578,19,member,2023-08-28 09:20:50
1447,579,70,member,2019-01-27 12:26:32
1448,579,26,member,2021-08-10 12:49:25
1449,579,5,member,2020-03-30 21:49:11
1450,579,16,member,2018-05-21 02:12:43
1451,580,7,member,2023-03-19 10:09:23
1452,580,70,member,2021-11-18 16:56:49
1453,581,67,member,2024-02-18 09:14:05
1454,581,65,member,2024-11-17 23:56:37
1455,581,11,member,2018-11-12 07:24:47
1456,583,4,member,2021-07-08 10:15:08
1457,584,65,member,2021-12-27 15:56:54
1458,584,56,member,2022-10-05 01:57:01
1459,584,23,admin,2018-10-08 18:05:35
1460,586,18,member,2021-05-26 12:27:27
1461,586,51,member,2023-06-08 11:01:07
1462,586,33,member,2018-07-30 17:28:07
1463,586,38,member,2020-02-18 21:04:39
1464,587,50,member,2022-03-27 03:00:27
1465,587,42,member,2019-06-13 16:02:43
1466,589,17,member,2021-02-05 13:31:40
1467,589,48,member,2023-05-06 15:14:39
1468,589,64,member,2022-08-15 02:35:10
1469,589,39,member,2022-09-21 01:10:10
1470,589,63,member,2021-08-14 20:02:36
1471,590,13,member,2023-08-10 15:12:25
1472,590,3,member,2022-01-29 03:51:41
1473,590,37,member,2022-10-17 04:30:06
1474,591,55,admin,2021-01-22 16:05:24
1475,591,36,member,2023-04-15 16:30:56
1476,591,12,member,2018-06-14 20:04:34
1477,591,50,member,2023-04-04 12:53:05
1478,591,32,member,2019-07-14 16:18:02
1479,592,47,member,2021-06-19 16:14:25
1480,592,47,member,2021-11-27 00:21:20
1481,592,34,member,2018-10-09 19:16:33
1482,593,17,member,2020-12-05 11:02:58
1483,593,36,member,2019-10-12 04:07:25
1484,593,57,admin,2019-07-09 14:33:47
1485,593,60,member,2022-04-05 09:13:05
1486,593,65,member,2018-07-21 12:14:35
1487,595,40,member,2023-12-11 15:10:06
1488,595,61,admin,2021-06-24 08:40:15
1489,595,2,member,2021-05-22 21:37:14
1490,597,64,member,2023-06-10 12:59:00
1491,597,45,member,2018-06-10 14:43:58
1492,597,47,member,2024-03-06 10:40:39
1493,598,28,member,2021-08-26 03:55:42
1494,598,22,member,2024-03-09 10:43:12
1495,599,29,member,2022-08-23 02:16:28
1496,599,13,admin,2024-02-07 10:29:02
1497,600,66,member,2020-06-26 08:46:02
1498,600,47,member,2024-07-14 14:21:53
1499,600,61,member,2024-11-01 14:13:53
1500,600,7,member,2023-12-31 03:46:52
1501,600,64,member,2019-04-14 17:46:20
1502,601,15,member,2018-03-13 23:37:36
1503,601,68,member,2021-07-01 12:51:48
1504,601,67,member,2023-02-23 01:39:30
1505,602,56,member,2021-01-31 00:49:56
1506,604,34,member,2018-11-09 15:07:21
1507,604,32,member,2019-06-09 05:49:55
1508,604,14,member,2023-04-14 00:35:21
1509,605,44,member,2024-10-27 10:47:55
1510,605,55,member,2023-07-05 12:08:24
1511,605,35,member,2023-06-09 12:01:34
1512,606,18,member,2023-08-19 16:22:57
1513,606,23,member,2023-03-20 12:50:59
1514,606,8,member,2018-12-19 08:35:56
1515,607,20,member,2024-09-21 01:11:35
1516,607,35,member,2023-03-22 22:55:32
1517,607,17,member,2021-10-28 08:48:26
1518,608,55,member,2023-12-20 20:09:28
1519,608,47,member,2020-10-21 15:10:43
1520,608,70,member,2024-08-20 03:47:26
1521,608,12,member,2024-07-11 13:18:15
1522,612,46,member,2020-10-30 22:23:18
1523,612,9,member,2024-11-19 18:03:48
1524,612,37,member,2019-08-18 04:25:15
1525,613,40,member,2020-07-22 13:16:10
1526,613,35,member,2018-03-21 19:46:25
1527,613,12,member,2019-11-13 22:50:04
1528,613,5,member,2022-11-17 17:46:37
1529,615,58,member,2022-05-25 01:40:56
1530,615,20,member,2021-08-21 03:07:29
1531,615,33,member,2024-10-14 22:24:06
1532,615,38,member,2023-10-23 16:28:53
1533,615,16,member,2019-02-24 09:01:48
1534,617,70,member,2018-03-21 16:47:15
1535,617,9,member,2019-07-19 23:10:29
1536,617,47,admin,2019-08-06 19:46:09
1537,617,32,member,2023-05-05 04:26:32
1538,617,51,member,2020-02-06 13:02:46
1539,618,26,admin,2022-05-20 19:26:27
1540,618,47,member,2019-01-19 08:05:10
1541,618,1,member,2020-09-28 09:16:30
1542,618,39,member,2018-12-16 17:23:32
1543,619,36,member,2021-08-05 00:54:18
1544,619,18,member,2020-11-09 04:44:05
1545,619,3,admin,2021-04-07 23:09:56
1546,620,42,member,2020-01-31 02:39:11
1547,620,59,member,2018-02-24 10:19:59
1548,620,12,member,2018-03-04 16:21:02
1549,621,70,member,2019-04-25 14:08:03
1550,622,46,member,2019-01-27 04:03:34
1551,622,19,member,2022-12-04 17:57:27
1552,622,21,member,2024-01-31 02:24:56
1553,622,1,member,2020-04-23 02:15:12
1554,622,26,member,2022-09-10 12:55:45
1555,623,57,member,2022-01-16 05:36:07
1556,623,15,admin,2019-04-22 21:52:29
1557,623,67,member,2022-09-20 11:07:02
1558,624,21,admin,2021-07-11 12:04:29
1559,625,46,admin,2020-01-15 19:22:38
1560,625,69,member,2019-11-30 19:46:45
1561,626,27,member,2020-10-12 22:57:01
1562,626,62,member,2021-02-10 09:01:23
1563,626,68,member,2021-11-17 09:00:26
1564,626,12,member,2021-08-17 11:35:03
1565,626,23,member,2018-02-25 14:54:23
1566,628,48,member,2019-05-07 14:58:08
1567,630,46,member,2019-02-06 06:16:47
1568,630,68,member,2021-11-07 05:14:26
1569,630,13,member,2024-05-02 06:57:31
1570,630,5,member,2018-01-23 19:06:30
1571,630,50,member,2020-07-31 09:10:58
1572,631,23,member,2023-12-04 18:20:37
1573,631,47,member,2021-01-10 14:13:21
1574,632,2,member,2024-12-02 05:10:43
1575,632,9,member,2018-11-02 02:48:42
1576,632,39,admin,2018-07-04 10:50:58
1577,633,18,member,2020-08-01 02:51:09
1578,633,32,member,2018-04-20 03:12:08
1579,634,64,member,2018-03-05 17:28:58
1580,634,4,member,2022-12-18 08:26:05
1581,634,70,member,2021-10-09 16:23:21
1582,634,12,member,2019-12-21 20:53:06
1583,635,48,member,2020-01-07 22:25:29
1584,635,51,member,2020-11-17 00:28:13
1585,635,6,member,2022-07-20 19:57:06
1586,635,6,member,2022-02-12 18:05:04
1587,635,24,member,2019-09-07 19:10:03
1588,636,7,member,2024-11-09 02:01:37
1589,636,17,member,2021-04-08 17:24:23
1590,636,38,admin,2021-02-04 17:14:36
1591,636,1,member,2020-11-23 13:00:14
1592,636,23,member,2018-03-02 22:05:14
1593,637,38,member,2019-01-13 21:42:33
1594,637,26,member,2021-01-22 22:03:33
1595,637,48,member,2018-03-16 12:23:13
1596,638,68,member,2022-11-14 20:09:26
1597,638,8,member,2023-03-04 14:13:49
1598,638,52,member,2018-09-23 00:04:07
1599,638,34,member,2022-02-21 13:46:28
1600,639,48,member,2021-11-14 08:31:46
1601,639,18,member,2019-03-16 00:55:23
1602,639,56,admin,2019-06-23 11:57:18
1603,639,5,member,2018-11-19 13:01:16
1604,640,29,member,2020-12-03 11:57:32
1605,640,6,member,2018-09-04 15:36:21
1606,641,60,member,2024-09-16 11:14:58
1607,641,29,member,2019-04-29 09:18:23
1608,641,19,member,2019-04-05 19:08:22
1609,641,68,member,2024-01-22 13:52:34
1610,643,32,member,2021-06-27 12:13:51
1611,643,41,member,2023-10-07 19:23:34
1612,643,8,member,2019-06-17 14:57:16
1613,643,38,member,2023-01-24 15:11:46
1614,643,58,admin,2020-06-01 21:07:39
1615,644,25,member,2022-03-24 10:34:42
1616,644,27,member,2023-10-09 17:41:36
1617,644,20,member,2023-12-29 09:36:09
1618,644,28,member,2018-07-14 15:33:40
1619,645,13,member,2022-05-13 13:31:09
1620,645,61,member,2021-05-14 17:30:06
1621,648,53,member,2020-04-10 07:15:00
1622,648,62,member,2023-10-27 21:42:16
1623,649,31,member,2021-10-30 20:24:29
1624,649,59,member,2022-02-05 23:50:51
1625,649,21,member,2024-10-07 13:13:00
1626,650,39,member,2023-10-05 07:29:47
1627,650,63,member,2018-12-22 00:40:37
1628,650,48,member,2019-10-22 22:46:03
1629,651,4,member,2022-12-19 20:27:11
1630,651,61,member,2020-02-20 20:23:39
1631,652,69,member,2019-06-26 00:36:37
1632,652,68,admin,2018-04-29 03:33:23
1633,652,67,member,2024-01-05 07:38:32
1634,653,45,member,2018-11-11 11:06:05
1635,654,61,member,2018-10-15 11:20:42
1636,654,5,member,2019-07-20 20:53:22
1637,654,43,member,2022-03-09 13:19:35
1638,654,40,member,2021-05-22 15:49:55
1639,654,62,member,2022-10-10 12:14:16
1640,655,64,member,2022-10-17 16:54:03
1641,655,65,member,2018-03-11 23:07:59
1642,655,25,member,2022-07-15 02:36:17
1643,655,15,member,2020-11-23 09:57:51
1644,655,7,member,2024-05-25 13:36:02
1645,656,38,member,2020-03-15 03:48:27
1646,656,51,member,2021-05-31 23:06:21
1647,656,29,member,2022-05-22 06:02:13
1648,656,57,member,2019-05-28 18:09:54
1649,657,65,member,2019-09-27 20:36:14
1650,657,19,member,2024-02-09 01:08:13
1651,657,20,member,2020-01-03 14:47:59
1652,657,28,member,2024-05-31 05:12:36
1653,657,31,member,2023-06-27 08:39:07
1654,659,2,member,2022-05-24 15:14:45
1655,659,15,member,2024-10-22 15:40:32
1656,659,2,member,2020-08-31 01:06:53
1657,659,58,member,2019-05-31 23:46:46
1658,659,67,admin,2023-02-28 01:58:48
1659,660,37,admin,2024-05-14 02:38:19
1660,660,5,member,2022-07-13 20:19:46
1661,660,6,member,2023-04-22 18:09:55
1662,661,12,member,2018-01-26 20:27:57
1663,661,11,member,2022-09-09 23:09:16
1664,661,64,member,2018-01-15 16:40:07
1665,661,32,admin,2019-02-03 00:25:23
1666,662,49,member,2023-06-02 17:12:17
1667,662,41,member,2018-04-19 06:01:58
1668,663,4,member,2020-01-27 13:52:35
1669,664,13,member,2023-10-23 15:15:37
1670,664,37,member,2019-06-10 14:48:48
1671,664,63,member,2022-01-24 05:35:58
1672,664,32,member,2020-09-07 17:47:50
1673,665,4,member,2023-01-29 12:09:40
1674,665,59,member,2020-10-27 20:55:46
1675,665,20,member,2023-08-24 19:11:05
1676,665,1,member,2019-10-09 12:47:22
1677,666,64,member,2019-01-30 19:45:35
1678,666,43,member,2020-09-14 11:37:46
1679,666,4,member,2022-04-04 08:01:24
1680,668,1,member,2021-10-24 11:14:43
1681,669,27,member,2018-09-25 23:06:11
1682,669,35,member,2023-08-27 12:48:02
1683,669,37,member,2018-07-12 23:31:04
1684,671,57,member,2020-08-28 13:49:57
1685,672,10,member,2024-06-21 01:20:00
1686,672,51,admin,2019-02-01 23:14:04
1687,673,1,member,2020-05-18 23:08:59
1688,673,52,member,2023-08-17 17:26:52
1689,673,24,admin,2024-05-13 15:28:45
1690,674,58,admin,2020-09-16 04:14:54
1691,676,12,member,2020-04-15 12:12:19
1692,676,52,member,2023-10-10 23:08:25
1693,679,20,member,2024-04-24 22:30:59
1694,679,11,admin,2022-09-20 03:47:38
1695,679,40,member,2022-12-15 23:24:56
1696,679,22,member,2019-03-21 11:50:03
1697,679,25,member,2021-04-10 13:16:57
1698,681,65,member,2020-02-02 15:50:03
1699,682,38,member,2021-02-05 15:05:59
1700,682,2,member,2023-03-25 01:17:04
1701,682,61,member,2022-08-24 02:49:17
1702,682,57,member,2018-01-18 00:57:22
1703,682,53,member,2024-12-05 17:53:33
1704,683,16,member,2020-12-17 08:12:46
1705,683,64,member,2022-06-25 06:17:28
1706,683,35,member,2018-09-25 03:04:01
1707,684,36,member,2024-07-12 04:08:04
1708,685,26,member,2018-11-25 02:06:46
1709,685,51,member,2019-10-13 16:49:32
1710,685,51,member,2018-10-29 19:21:13
1711,686,37,admin,2023-11-13 16:41:55
1712,686,20,member,2019-05-02 07:36:12
1713,686,48,member,2023-05-09 21:06:54
1714,686,64,member,2022-08-06 18:54:20
1715,687,6,member,2021-02-14 11:43:56
1716,687,15,member,2018-11-05 18:18:44
1717,687,39,member,2024-09-27 10:32:38
1718,687,67,member,2020-08-06 22:17:03
1719,688,33,member,2022-11-02 08:13:48
1720,688,36,member,2019-05-01 23:41:09
1721,688,55,member,2020-09-08 16:54:05
1722,689,39,member,2021-03-27 05:30:28
1723,689,57,member,2019-01-13 00:56:21
1724,689,7,member,2018-10-30 18:38:03
1725,689,60,admin,2018-09-21 01:41:10
1726,689,61,member,2022-01-26 05:40:59
1727,690,26,member,2024-06-11 03:53:03
1728,691,4,member,2024-07-29 23:49:33
1729,691,65,member,2019-08-05 11:18:10
1730,693,7,member,2019-04-01 00:38:59
1731,693,27,member,2019-12-23 03:14:36
1732,693,54,member,2024-04-01 22:42:39
1733,693,15,admin,2018-09-30 15:16:56
1734,694,37,member,2022-01-16 00:13:03
1735,694,24,member,2023-06-25 11:54:04
1736,694,24,member,2024-02-27 19:39:09
1737,694,1,member,2018-06-19 07:16:33
1738,695,54,member,2019-08-31 09:27:13
1739,695,7,member,2021-06-08 00:42:04
1740,695,4,member,2020-03-30 07:02:02
1741,695,61,member,2018-06-07 17:17:59
1742,695,59,member,2022-08-06 19:34:57
1743,697,56,member,2021-01-20 07:36:46
1744,697,39,member,2021-10-15 03:54:22
1745,697,26,member,2020-09-25 03:00:46
1746,697,5,member,2024-01-21 08:28:16
1747,698,48,member,2020-12-22 01:11:34
1748,698,26,member,2023-05-16 12:51:09
1749,698,68,member,2020-04-17 20:06:42
1750,700,22,admin,2022-07-06 04:37:13
1751,700,38,member,2019-02-24 13:58:12
1752,700,63,member,2024-11-28 02:16:07
1753,700,1,member,2020-06-11 02:03:35
1754,701,7,admin,2024-11-12 20:32:39
1755,701,63,member,2022-04-27 08:20:49
1756,701,47,member,2019-03-29 10:56:13
1757,702,58,member,2019-07-28 20:40:12
1758,702,38,member,2020-06-10 06:34:11
1759,702,9,member,2019-10-17 02:11:15
1760,702,32,member,2023-10-23 18:23:24
1761,703,66,member,2020-07-28 07:49:22
1762,704,50,member,2018-11-26 22:56:07
1763,704,52,member,2023-06-15 09:41:14
1764,704,59,member,2018-01-16 06:24:58
1765,704,28,admin,2022-11-09 22:14:26
1766,704,29,member,2024-09-07 12:16:52
1767,705,49,member,2019-10-23 12:16:11
1768,705,36,member,2022-09-25 10:07:40
1769,705,49,member,2020-11-23 04:05:53
1770,706,24,member,2022-06-04 07:25:35
1771,706,42,member,2021-04-08 22:46:39
1772,706,39,member,2020-06-03 10:34:45
1773,706,55,member,2024-08-18 14:07:47
1774,708,24,member,2022-11-16 17:49:12
1775,709,18,member,2024-09-13 21:39:27
1776,709,36,member,2022-11-06 00:41:26
1777,710,32,member,2018-11-02 17:46:11
1778,710,17,member,2021-06-05 12:38:27
1779,710,10,member,2021-12-24 19:49:09
1780,710,31,member,2019-11-20 01:17:21
1781,712,51,member,2022-02-21 11:45:49
1782,712,42,member,2020-05-14 15:30:58
1783,712,27,member,2021-05-01 17:09:43
1784,712,60,member,2019-03-28 04:04:31
1785,714,38,member,2018-07-31 02:09:29
1786,715,12,member,2019-11-18 01:57:13
1787,715,15,member,2022-12-15 19:53:09
1788,716,38,member,2023-04-02 00:42:30
1789,716,38,member,2023-01-21 21:51:50
1790,716,52,member,2024-11-13 07:05:15
1791,717,68,member,2021-04-11 03:40:17
1792,717,11,member,2019-03-23 04:40:35
1793,717,55,member,2021-06-24 08:24:14
1794,717,14,admin,2024-01-24 15:22:15
1795,718,49,member,2019-08-16 01:51:56
1796,719,30,member,2022-02-13 13:20:56
1797,720,47,member,2022-07-25 05:46:54
1798,720,50,member,2024-01-31 06:30:51
1799,723,10,member,2018-08-30 05:13:17
1800,723,23,member,2022-11-16 07:29:41
1801,723,13,member,2024-01-26 09:08:57
1802,723,7,member,2018-03-01 05:09:26
1803,724,18,member,2019-12-26 09:12:52
1804,724,9,member,2023-04-25 19:24:01
1805,725,60,member,2020-03-08 16:39:35
1806,725,53,member,2019-11-05 15:35:09
1807,725,30,member,2019-04-01 05:01:42
1808,726,52,member,2021-12-19 14:59:54
1809,726,23,member,2021-05-25 12:39:51
1810,726,66,member,2021-12-30 16:31:11
1811,726,45,member,2018-01-01 19:11:46
1812,727,52,member,2024-08-01 05:27:16
1813,727,12,admin,2024-07-23 20:41:14
1814,728,54,member,2022-03-25 11:49:44
1815,728,17,member,2019-12-21 22:57:40
1816,729,43,member,2023-09-07 10:37:09
1817,729,31,member,2022-02-05 13:19:05
1818,729,17,member,2018-09-05 02:22:25
1819,730,67,admin,2019-12-06 12:40:19
1820,730,24,member,2024-04-23 14:04:56
1821,731,45,member,2021-12-23 20:08:28
1822,731,43,member,2021-04-06 21:15:21
1823,731,10,admin,2020-08-16 14:42:02
1824,731,68,member,2023-10-23 13:33:59
1825,733,32,member,2021-03-16 14:18:08
1826,733,54,member,2024-11-11 04:07:10
1827,734,15,member,2021-10-05 13:54:52
1828,735,34,member,2022-12-17 12:36:13
1829,735,18,member,2023-07-01 08:25:49
1830,735,4,member,2018-04-09 02:38:38
1831,735,22,member,2020-10-10 05:14:04
1832,735,54,member,2022-11-02 14:19:04
1833,737,51,member,2021-05-12 23:51:00
1834,737,6,member,2023-07-23 08:34:52
1835,737,39,member,2021-08-04 04:04:02
1836,737,53,member,2021-07-17 02:37:58
1837,737,59,admin,2023-12-27 17:17:33
1838,739,13,member,2021-07-15 15:07:32
1839,739,68,admin,2019-03-15 17:10:37
1840,739,49,member,2021-12-06 15:17:45
1841,739,1,member,2022-07-08 17:57:56
1842,739,56,member,2022-03-25 10:16:48
1843,742,54,member,2019-06-15 16:42:13
1844,743,37,member,2022-07-21 10:44:01
1845,744,37,member,2019-12-02 09:05:44
1846,744,38,member,2021-05-18 08:42:41
1847,744,17,member,2020-01-14 07:57:54
1848,744,39,member,2019-09-07 13:43:17
1849,744,52,admin,2019-05-13 05:45:44
1850,745,16,member,2023-07-12 23:56:26
1851,745,32,admin,2023-12-22 09:48:00
1852,745,31,member,2024-05-12 09:17:10
1853,745,17,admin,2020-08-01 23:59:33
1854,745,60,member,2022-10-18 11:02:43
1855,746,38,admin,2018-12-25 03:19:29
1856,746,50,member,2019-12-03 04:54:34
1857,746,5,member,2021-02-21 05:53:42
1858,746,42,member,2021-04-11 06:56:16
1859,746,17,member,2019-10-20 09:22:02
1860,747,36,member,2019-12-26 17:47:39
1861,747,49,member,2023-10-24 05:32:51
1862,747,1,member,2018-05-03 01:13:12
1863,748,5,member,2018-05-04 01:27:55
1864,748,17,member,2024-09-28 06:02:28
1865,749,17,member,2024-11-16 09:41:12
1866,749,10,member,2019-01-03 01:10:31
1867,749,18,member,2022-11-18 08:32:38
1868,750,59,member,2024-03-26 20:19:13
1869,750,24,admin,2018-11-10 20:51:58
1870,750,45,member,2021-03-20 11:01:09
1871,750,7,member,2023-10-21 23:37:31
1872,751,18,member,2021-06-27 12:17:55
1873,751,65,member,2024-02-13 04:10:12
1874,751,47,member,2023-05-27 18:44:13
1875,751,6,member,2023-04-28 01:06:06
1876,752,22,member,2024-05-28 05:08:57
1877,752,59,member,2019-12-08 01:54:32
1878,752,57,member,2022-10-20 01:08:37
1879,752,19,member,2023-09-29 03:04:15
1880,752,23,member,2019-05-05 01:02:02
1881,753,61,member,2023-10-17 01:45:00
1882,753,52,member,2023-02-03 13:16:19
1883,753,30,member,2019-05-15 08:09:03
1884,753,61,member,2020-08-03 09:00:55
1885,754,45,member,2021-08-18 02:42:54
1886,754,50,member,2022-10-29 11:22:01
1887,754,11,member,2023-12-31 10:06:09
1888,754,35,member,2022-09-22 03:36:51
1889,754,58,member,2020-03-12 12:47:35
1890,756,24,member,2020-05-09 22:00:17
1891,757,10,member,2019-07-05 12:32:38
1892,757,7,member,2021-02-26 20:32:26
1893,758,50,member,2019-06-10 10:09:08
1894,758,28,admin,2019-12-06 14:56:45
1895,758,30,member,2018-01-02 15:07:31
1896,758,59,member,2018-04-27 09:18:11
1897,758,58,member,2021-07-11 21:25:18
1898,759,2,member,2020-01-18 17:29:44
1899,760,67,member,2019-05-10 10:19:01
1900,760,63,admin,2023-06-28 07:51:13
1901,760,14,member,2020-05-18 05:20:04
1902,760,64,member,2019-07-26 06:01:05
1903,760,15,admin,2022-01-23 07:42:36
1904,762,26,member,2022-07-05 07:31:19
1905,763,11,member,2020-02-10 10:43:26
1906,763,50,member,2022-07-24 14:35:43
1907,763,37,member,2021-07-17 12:38:03
1908,763,37,member,2020-10-26 02:55:23
1909,764,21,member,2019-06-08 02:08:21
1910,764,41,member,2021-08-26 13:33:09
1911,764,68,member,2024-10-07 19:41:33
1912,766,13,member,2022-04-08 01:28:07
1913,766,36,member,2020-07-30 01:52:04
1914,766,33,member,2022-11-14 11:01:35
1915,766,61,member,2020-04-12 17:45:14
1916,766,59,member,2020-01-31 16:35:29
1917,768,42,member,2019-09-19 18:22:48
1918,768,43,member,2022-09-23 00:07:34
1919,768,43,member,2023-04-16 06:54:57
1920,768,61,member,2024-07-08 18:29:58
1921,768,65,member,2022-04-08 13:55:15
1922,769,6,member,2024-11-10 11:46:23
1923,769,51,member,2022-11-23 08:26:57
1924,770,47,member,2020-04-17 01:47:58
1925,770,38,member,2020-12-01 00:59:14
1926,770,40,member,2021-05-05 05:54:11
1927,771,3,member,2018-01-19 15:12:06
1928,771,65,member,2022-03-06 08:43:45
1929,772,11,member,2021-11-21 10:00:22
1930,773,47,member,2023-05-08 18:15:22
1931,774,9,member,2021-11-14 04:35:34
1932,774,15,member,2024-02-08 02:52:30
1933,774,61,member,2018-10-25 11:48:35
1934,774,51,member,2019-11-19 15:14:44
1935,775,52,member,2023-04-10 08:08:46
1936,775,28,member,2018-03-17 02:01:36
1937,775,22,member,2021-10-24 18:51:01
1938,775,38,member,2018-09-02 01:11:16
1939,775,8,member,2022-06-07 16:44:44
1940,776,8,admin,2022-01-07 17:46:00
1941,776,30,member,2024-07-22 18:05:20
1942,776,36,admin,2020-05-19 23:49:21
1943,776,47,member,2022-02-18 23:49:17
1944,778,64,member,2018-12-02 00:25:06
1945,779,64,member,2021-05-07 13:06:50
1946,779,10,member,2022-01-12 21:23:25
1947,780,57,member,2023-01-17 09:32:31
1948,781,36,member,2018-03-08 09:22:10
1949,782,11,member,2022-08-20 02:11:12
1950,784,69,member,2018-06-17 19:21:09
1951,785,31,member,2019-07-19 05:42:32
1952,785,14,member,2024-02-14 03:29:19
1953,785,42,member,2022-10-05 08:15:56
1954,785,59,member,2020-11-13 02:55:20
1955,786,37,member,2024-05-11 23:58:18
1956,786,18,member,2024-04-27 16:43:30
1957,786,24,member,2022-12-26 22:31:54
1958,787,57,member,2023-11-07 08:48:12
1959,788,43,member,2019-04-23 14:30:19
1960,788,45,member,2018-02-18 16:19:41
1961,788,54,member,2024-07-10 19:42:37
1962,788,65,member,2020-02-10 01:10:22
1963,789,13,member,2022-01-25 20:38:18
1964,790,39,member,2021-09-13 11:39:05
1965,790,29,member,2022-12-22 21:18:35
1966,790,60,member,2023-10-18 00:03:00
1967,790,7,member,2022-08-27 11:09:19
1968,790,12,member,2018-03-03 14:31:11
1969,791,35,member,2021-06-28 12:13:04
1970,791,43,member,2021-12-28 13:55:24
1971,791,50,member,2018-07-29 10:21:49
1972,791,63,member,2022-02-11 09:31:17
1973,792,19,member,2024-03-06 20:19:41
1974,792,20,member,2022-05-24 22:57:15
1975,792,37,member,2023-03-31 17:30:01
1976,792,8,member,2023-07-09 23:23:54
1977,792,19,member,2023-09-09 06:02:54
1978,793,14,member,2023-02-17 09:21:39
1979,793,69,member,2022-12-15 18:47:10
1980,793,4,member,2018-05-07 07:30:33
1981,793,11,member,2019-04-16 23:22:13
1982,794,41,admin,2021-07-28 03:36:44
1983,794,21,member,2019-11-20 01:12:44
1984,794,3,member,2021-12-26 21:09:00
1985,794,7,member,2020-12-06 18:06:22
1986,795,25,admin,2023-07-10 03:42:14
1987,795,16,member,2024-09-15 11:00:50
1988,795,53,member,2023-11-19 06:17:28
1989,795,62,admin,2022-06-04 22:56:08
1990,795,10,member,2018-10-24 23:57:56
1991,796,53,member,2021-02-06 03:41:49
1992,796,38,member,2020-02-01 22:12:45
1993,796,40,member,2019-07-27 10:21:37
1994,797,26,member,2023-06-19 22:02:53
1995,797,17,member,2022-03-30 06:08:50
1996,797,68,member,2019-11-30 01:02:11
1997,798,38,member,2019-01-03 01:14:27
1998,799,59,member,2019-07-03 17:06:22
1999,799,58,member,2019-04-20 15:25:50
2000,799,65,member,2023-10-16 20:46:11
2001,799,12,member,2023-02-03 15:25:33
2002,801,55,member,2021-08-01 14:32:19
2003,801,70,admin,2024-01-28 10:25:52
2004,801,19,member,2024-04-01 16:53:35
2005,802,42,member,2018-05-05 09:20:18
2006,802,68,member,2024-09-06 07:02:02
2007,802,66,member,2024-10-31 15:57:17
2008,802,29,member,2023-10-04 22:36:49
2009,804,30,member,2020-04-17 12:41:42
2010,804,23,member,2018-08-24 08:30:17
2011,804,27,member,2021-04-12 05:16:04
2012,804,7,member,2020-05-01 07:32:28
2013,804,65,admin,2023-11-26 19:41:55
2014,805,65,member,2022-04-06 23:52:37
2015,805,41,member,2019-03-10 01:34:52
2016,806,68,member,2018-03-28 17:49:02
2017,806,17,member,2019-09-01 17:15:50
2018,806,69,admin,2021-02-10 23:24:21
2019,806,50,member,2020-04-30 16:33:43
2020,807,38,member,2020-04-02 14:19:16
2021,808,37,member,2024-12-24 17:56:10
2022,808,11,member,2018-02-21 15:39:35
2023,808,47,member,2022-11-29 14:44:27
2024,808,4,admin,2019-05-23 03:40:16
2025,809,64,admin,2022-02-12 01:32:18
2026,809,33,member,2024-09-25 21:09:40
2027,810,30,member,2024-08-03 02:15:54
2028,810,52,member,2018-06-20 14:05:41
2029,811,63,member,2018-01-21 11:43:37
2030,811,46,member,2020-02-21 06:35:45
2031,811,32,member,2020-02-14 21:44:18
2032,811,15,member,2018-05-01 12:11:43
2033,812,37,member,2023-02-05 04:36:25
2034,812,6,member,2021-04-23 09:55:14
2035,812,69,admin,2021-10-06 10:11:58
2036,812,1,member,2023-10-25 18:09:38
2037,812,62,admin,2022-12-30 09:57:23
2038,813,20,member,2024-08-07 03:16:42
2039,813,13,member,2023-02-25 17:10:28
2040,814,7,member,2020-11-20 15:41:23
2041,814,53,member,2018-11-15 04:20:06
2042,816,31,member,2018-06-09 08:40:54
2043,816,8,member,2019-06-06 21:31:35
2044,816,17,admin,2021-10-27 13:51:16
2045,817,62,member,2021-01-01 03:30:41
2046,817,56,member,2018-12-02 11:35:33
2047,817,28,member,2018-08-20 07:20:52
2048,817,56,member,2021-05-01 20:48:18
2049,817,21,member,2019-04-30 06:26:40
2050,818,39,member,2024-01-31 09:13:36
2051,819,20,admin,2023-04-27 05:15:45
2052,819,34,member,2021-05-02 02:34:58
2053,821,56,member,2024-09-23 19:21:12
2054,821,47,member,2022-06-19 00:07:32
2055,821,6,member,2018-05-08 11:15:17
2056,822,16,member,2023-08-09 17:20:10
2057,822,23,member,2024-11-23 04:25:13
2058,823,46,member,2018-12-10 02:37:39
2059,823,33,member,2018-01-21 17:52:29
2060,824,14,member,2019-06-16 07:23:07
2061,824,56,member,2018-10-10 06:38:57
2062,824,14,admin,2020-06-28 21:14:47
2063,824,36,member,2021-03-07 07:22:51
2064,824,47,member,2020-03-01 16:23:35
2065,825,65,member,2019-05-02 13:58:04
2066,827,41,member,2020-10-12 21:37:56
2067,827,48,member,2022-02-13 06:44:21
2068,827,48,member,2021-09-04 02:44:16
2069,828,50,member,2020-04-22 08:52:36
2070,828,36,member,2022-02-01 18:00:26
2071,828,68,member,2024-11-05 22:13:30
2072,828,1,admin,2019-11-25 18:29:07
2073,828,51,member,2023-08-17 00:34:16
2074,830,12,member,2021-07-14 23:41:49
2075,830,23,member,2021-02-19 16:40:35
2076,830,57,member,2023-04-04 05:47:33
2077,830,44,member,2024-06-07 22:56:04
2078,830,45,member,2021-05-16 17:28:41
2079,831,5,member,2023-07-21 10:46:59
2080,831,47,admin,2021-02-18 11:35:55
2081,831,67,member,2018-08-11 03:36:37
2082,832,56,member,2021-10-18 17:02:10
2083,832,66,member,2018-05-24 14:56:44
2084,832,39,member,2022-03-24 10:14:35
2085,832,33,member,2019-08-07 20:09:42
2086,832,41,admin,2020-01-27 06:57:30
2087,833,4,member,2024-11-28 00:30:48
2088,833,4,member,2023-07-12 19:42:06
2089,833,7,member,2018-06-16 01:14:24
2090,834,18,member,2024-02-09 15:59:39
2091,834,14,member,2021-03-30 12:32:39
2092,834,27,member,2024-09-29 17:47:28
2093,835,63,member,2022-08-18 06:44:37
2094,835,46,admin,2019-08-22 12:00:03
2095,837,37,member,2018-01-29 02:34:55
2096,837,63,member,2020-06-09 16:27:51
2097,839,36,member,2022-07-27 21:40:13
2098,839,37,member,2023-03-29 09:29:58
2099,840,29,member,2019-03-01 14:45:50
2100,840,10,member,2020-12-13 00:49:06
2101,841,22,admin,2020-01-12 01:38:24
2102,841,70,member,2023-02-23 11:47:29
2103,841,17,member,2018-05-05 05:26:37
2104,841,5,admin,2022-08-07 19:44:30
2105,841,62,member,2023-08-29 03:17:04
2106,842,68,member,2019-07-09 22:30:30
2107,842,54,member,2018-01-31 17:18:35
2108,843,49,member,2021-08-09 01:13:06
2109,843,63,member,2023-02-18 13:25:55
2110,843,26,member,2022-08-27 05:48:16
2111,844,11,member,2022-10-13 01:41:53
2112,844,42,member,2018-12-01 11:05:29
2113,844,57,member,2021-03-28 21:13:26
2114,845,3,member,2020-12-17 16:45:48
2115,845,21,member,2019-10-15 00:10:09
2116,845,45,member,2019-04-25 21:37:34
2117,845,40,member,2018-06-17 13:41:36
2118,845,42,member,2024-03-10 22:32:48
2119,846,24,member,2021-08-12 03:54:31
2120,846,48,member,2024-04-16 13:38:51
2121,847,2,member,2019-04-05 15:32:07
2122,847,14,member,2018-09-03 13:18:16
2123,849,47,member,2018-04-29 03:47:37
2124,849,1,member,2020-06-18 07:48:30
2125,849,2,member,2023-03-12 22:50:59
2126,849,9,member,2018-04-22 03:28:38
2127,850,41,member,2022-12-30 04:58:47
2128,850,21,member,2021-10-20 23:37:07
2129,850,10,admin,2020-07-12 22:46:22
2130,851,12,member,2018-01-08 00:13:03
2131,852,39,member,2023-06-09 06:32:54
2132,852,29,member,2020-09-09 11:44:41
2133,852,37,member,2021-12-11 10:53:47
2134,852,42,member,2021-06-22 17:34:29
2135,853,49,member,2018-12-20 01:34:19
2136,853,5,admin,2019-10-11 08:40:22
2137,853,49,member,2020-08-31 17:55:05
2138,854,35,member,2019-07-16 22:35:27
2139,854,70,member,2022-12-30 09:40:53
2140,855,4,member,2020-06-28 05:09:52
2141,855,22,member,2020-01-27 14:01:33
2142,856,40,member,2018-11-29 12:58:21
2143,856,17,member,2018-12-08 19:37:43
2144,856,56,member,2022-06-16 04:20:29
2145,856,58,admin,2021-07-16 10:47:00
2146,857,40,member,2023-12-24 22:16:03
2147,857,62,member,2022-03-27 07:37:20
2148,858,55,member,2020-07-24 14:15:10
2149,858,32,admin,2018-06-04 13:59:50
2150,858,18,member,2020-08-01 10:38:03
2151,858,11,member,2021-02-11 23:39:56
2152,859,53,member,2020-11-23 02:28:22
2153,859,3,member,2021-02-13 04:01:01
2154,859,62,admin,2018-05-06 09:46:42
2155,860,30,member,2021-11-06 17:56:34
2156,860,21,member,2023-09-11 16:37:50
2157,860,42,member,2023-03-11 06:56:59
2158,862,69,member,2020-02-11 16:28:49
2159,862,70,member,2019-04-30 23:45:16
2160,862,32,member,2018-11-06 03:32:32
2161,862,49,member,2024-05-26 11:32:47
2162,863,52,member,2021-12-27 21:56:12
2163,864,23,admin,2023-12-30 10:51:19
2164,864,60,member,2018-05-02 16:38:19
2165,864,49,member,2019-12-01 01:17:21
2166,864,19,member,2021-02-06 00:53:03
2167,865,21,member,2023-05-09 11:57:42
2168,865,4,member,2023-01-16 19:16:15
2169,865,51,member,2023-11-26 10:42:16
2170,866,55,member,2020-06-14 21:54:26
2171,866,60,member,2023-01-24 04:53:10
2172,866,33,member,2020-02-06 00:32:56
2173,866,2,member,2019-04-11 03:48:18
2174,867,50,member,2022-05-31 15:05:32
2175,868,42,admin,2021-06-05 09:24:00
2176,868,44,member,2023-05-01 16:44:02
2177,870,67,member,2019-11-02 16:43:26
2178,870,59,member,2020-12-25 09:19:59
2179,870,57,member,2024-05-16 18:09:46
2180,871,23,member,2018-10-02 23:00:28
2181,872,34,member,2020-09-04 02:46:39
2182,872,63,admin,2020-09-07 16:16:29
2183,872,51,member,2023-11-06 15:46:15
2184,872,60,member,2018-12-31 02:07:46
2185,873,19,member,2019-04-17 00:33:22
2186,874,7,admin,2024-01-07 05:55:23
2187,874,10,member,2024-04-09 19:14:12
2188,874,31,admin,2024-04-05 21:29:34
2189,874,26,member,2023-12-11 19:59:19
2190,874,28,member,2019-06-23 05:57:10
2191,875,37,member,2020-09-19 20:55:14
2192,875,9,member,2024-03-28 05:52:17
2193,875,65,member,2018-03-06 05:44:00
2194,875,64,member,2021-05-06 20:14:38
2195,875,68,member,2021-05-05 21:20:14
2196,876,11,member,2018-10-30 20:32:04
2197,876,22,member,2022-10-07 15:04:52
2198,876,29,member,2018-08-28 03:56:58
2199,876,51,member,2023-01-11 11:26:09
2200,876,47,member,2020-02-15 01:34:20
2201,877,53,admin,2023-05-27 08:26:48
2202,877,61,member,2021-01-09 12:11:13
2203,877,50,member,2021-10-07 12:10:39
2204,878,3,member,2022-08-09 18:12:21
2205,878,28,member,2018-12-01 20:48:34
2206,878,40,member,2021-12-28 23:38:07
2207,878,31,admin,2020-09-25 02:56:13
2208,878,49,member,2020-04-12 14:24:48
2209,879,69,member,2018-09-18 21:22:09
2210,879,38,member,2024-08-04 01:17:58
2211,880,67,member,2023-09-05 23:36:06
2212,880,64,member,2024-12-02 11:18:28
2213,881,5,member,2020-05-26 23:10:25
2214,881,14,member,2018-07-22 22:42:56
2215,881,1,member,2021-09-25 21:03:30
2216,882,21,member,2021-09-14 20:17:26
2217,882,12,member,2022-05-19 04:24:44
2218,882,58,member,2023-07-20 19:21:11
2219,882,23,member,2024-07-22 06:04:55
2220,882,18,member,2018-03-02 19:42:56
2221,883,41,member,2022-06-13 10:20:49
2222,883,46,member,2018-02-10 17:57:41
2223,884,45,member,2023-04-12 05:01:22
2224,885,16,member,2021-07-11 08:58:48
2225,885,12,member,2018-02-07 15:22:43
2226,885,21,member,2021-03-05 03:00:49
2227,885,1,member,2023-06-21 06:30:25
2228,885,19,member,2020-01-05 02:08:23
2229,886,28,member,2024-07-04 12:02:03
2230,886,5,member,2020-02-27 18:23:18
2231,886,3,member,2024-08-11 18:51:02
2232,886,51,member,2023-09-08 06:09:42
2233,886,14,member,2018-04-27 08:48:47
2234,887,3,member,2021-08-04 20:33:54
2235,887,58,member,2020-09-06 21:41:31
2236,887,2,member,2019-03-12 07:49:43
2237,888,7,member,2023-12-15 17:17:54
2238,888,39,member,2023-10-23 18:52:09
2239,888,52,member,2022-02-24 05:37:02
2240,889,14,member,2021-04-29 03:30:24
2241,889,33,admin,2024-04-11 17:48:24
2242,889,34,member,2024-02-12 14:39:49
2243,890,28,member,2019-10-04 14:48:54
2244,890,58,member,2020-11-30 17:04:52
2245,891,28,admin,2020-06-30 18:40:47
2246,891,26,member,2024-05-09 10:57:41
2247,891,57,member,2021-04-16 12:52:37
2248,891,10,member,2022-01-25 05:41:23
2249,891,34,member,2023-10-26 12:25:03
2250,892,67,member,2021-03-28 16:57:53
2251,892,46,member,2020-03-21 21:42:30
2252,892,34,member,2021-11-29 20:48:31
2253,893,13,admin,2023-03-12 22:09:18
2254,893,12,member,2024-05-13 23:04:29
2255,893,50,member,2020-10-17 12:50:30
2256,893,30,member,2019-06-07 09:49:02
2257,894,65,member,2023-12-12 10:03:04
2258,894,5,member,2018-10-24 02:38:07
2259,894,55,member,2021-08-29 00:06:10
2260,894,40,member,2020-02-16 12:07:20
2261,894,55,member,2020-02-11 06:43:34
2262,898,9,member,2022-08-29 08:50:21
2263,898,48,member,2020-02-26 22:06:19
2264,898,24,member,2018-04-06 16:48:48
2265,899,43,member,2018-07-03 01:28:16
2266,899,56,member,2018-11-19 08:15:03
2267,899,28,member,2023-08-16 22:52:50
2268,900,23,member,2022-06-19 09:29:41
2269,901,11,member,2018-02-23 06:18:59
2270,901,59,admin,2022-11-19 15:57:04
2271,901,25,member,2021-02-28 12:24:22
2272,901,8,member,2018-06-21 10:01:54
2273,902,10,member,2023-06-04 12:01:46
2274,902,66,member,2019-10-08 23:29:08
2275,902,70,member,2019-06-18 11:57:26
2276,903,65,member,2019-09-26 13:03:53
2277,903,56,member,2018-12-02 16:43:27
2278,904,66,member,2022-11-09 05:44:56
2279,905,50,member,2018-09-10 14:50:57
2280,906,49,member,2022-03-06 17:06:41
2281,906,32,member,2022-11-04 20:05:07
2282,908,46,admin,2023-12-17 01:05:20
2283,908,70,member,2020-07-21 01:34:52
2284,908,44,admin,2022-08-19 09:42:11
2285,908,12,member,2019-08-07 16:46:07
2286,909,27,member,2018-06-13 16:22:42
2287,909,11,member,2019-12-30 06:16:43
2288,911,36,member,2021-08-06 06:44:49
2289,911,9,member,2024-04-03 11:14:08
2290,912,42,member,2022-12-29 10:09:45
2291,914,25,member,2022-06-28 14:13:39
2292,914,48,member,2019-01-11 07:47:18
2293,914,40,member,2021-10-03 18:53:50
2294,915,10,member,2019-06-20 03:28:35
2295,915,61,member,2022-08-01 17:36:37
2296,915,41,member,2020-09-15 09:13:22
2297,915,66,member,2018-08-23 12:28:33
2298,916,64,member,2018-12-20 07:18:11
2299,917,70,member,2022-02-15 18:28:31
2300,917,65,member,2019-08-10 16:37:11
2301,917,33,member,2018-09-11 18:30:11
2302,918,30,member,2021-11-09 08:37:37
2303,918,69,member,2018-10-26 04:05:43
2304,918,26,member,2024-08-17 04:09:03
2305,919,59,member,2022-02-09 09:23:08
2306,919,59,member,2018-02-25 12:03:09
2307,919,65,member,2022-05-26 01:21:05
2308,920,17,member,2022-05-08 02:50:21
2309,921,37,member,2024-11-07 02:24:53
2310,921,35,member,2024-09-11 01:19:29
2311,921,7,member,2019-08-18 21:14:29
2312,921,5,member,2022-10-09 13:23:36
2313,921,44,member,2020-11-21 03:17:48
2314,922,43,member,2018-10-27 02:15:57
2315,922,47,member,2020-02-20 02:23:22
2316,922,41,member,2022-01-17 02:51:39
2317,922,24,member,2021-07-31 22:07:08
2318,925,3,member,2023-02-27 06:59:19
2319,925,69,member,2024-09-01 22:27:29
2320,925,49,member,2021-04-13 15:32:40
2321,926,61,member,2023-06-24 06:04:45
2322,926,55,member,2023-05-17 15:32:06
2323,927,46,member,2019-02-06 09:08:05
2324,927,41,member,2022-04-11 19:17:04
2325,927,70,member,2021-11-24 13:22:13
2326,927,60,member,2021-07-13 14:24:47
2327,928,16,member,2018-03-17 11:33:47
2328,928,45,member,2024-11-10 17:15:10
2329,930,7,member,2019-07-20 10:19:28
2330,930,22,member,2021-01-17 10:02:00
2331,930,2,member,2020-06-15 14:13:54
2332,930,53,member,2018-03-10 19:08:14
2333,932,63,member,2021-10-15 09:45:47
2334,932,30,member,2022-03-02 05:48:25
2335,932,52,member,2022-02-25 23:57:37
2336,932,63,member,2020-01-16 23:34:18
2337,932,38,member,2021-01-26 18:34:24
2338,933,65,member,2024-11-29 15:10:43
2339,933,5,member,2020-01-22 19:14:56
2340,933,50,member,2024-06-15 12:55:29
2341,936,13,member,2024-01-27 22:11:13
2342,936,67,member,2022-03-08 10:54:44
2343,936,19,admin,2021-05-15 16:39:39
2344,936,59,member,2024-12-03 10:36:31
2345,936,53,member,2020-08-12 03:19:37
2346,940,70,member,2018-02-03 04:59:30
2347,940,46,member,2018-07-24 07:19:19
2348,940,45,member,2024-10-16 03:52:34
2349,943,52,member,2018-08-23 19:03:25
2350,943,27,member,2020-07-16 13:46:45
2351,943,44,member,2019-11-16 04:26:51
2352,944,54,member,2024-04-22 22:07:08
2353,946,12,member,2023-08-11 09:22:24
2354,947,53,member,2019-11-08 23:14:56
2355,947,18,member,2024-04-03 00:19:49
2356,947,66,member,2022-10-31 03:46:25
2357,948,40,member,2023-03-19 19:15:37
2358,949,58,member,2020-05-23 01:09:06
2359,949,70,member,2019-07-09 13:23:10
2360,950,10,member,2022-03-11 23:55:31
2361,950,64,member,2020-01-30 00:16:16
2362,952,46,member,2023-12-11 21:57:54
2363,952,46,member,2023-04-17 21:27:38
2364,953,47,member,2023-05-21 22:26:02
2365,953,8,member,2023-06-01 02:45:23
2366,955,31,member,2019-12-04 14:20:13
2367,955,63,admin,2020-11-21 19:03:41
2368,955,56,member,2021-10-11 00:47:09
2369,955,47,member,2022-03-25 09:18:50
2370,955,12,member,2019-05-12 15:03:57
2371,956,30,member,2024-12-26 07:08:32
2372,956,50,admin,2019-10-21 12:25:39
2373,959,44,member,2020-08-08 15:25:32
2374,959,55,member,2022-10-19 22:46:16
2375,961,5,member,2022-06-03 07:40:04
2376,961,51,member,2023-06-27 12:31:34
2377,961,33,member,2023-03-07 19:00:27
2378,961,38,member,2024-04-11 09:46:34
2379,961,49,member,2021-04-09 10:33:07
2380,963,1,admin,2019-02-12 12:00:51
2381,964,65,member,2023-11-14 00:27:38
2382,964,15,member,2019-09-02 04:55:29
2383,964,30,member,2023-04-03 01:34:49
2384,964,15,member,2021-05-13 07:29:09
2385,965,68,member,2023-08-30 08:27:30
2386,966,64,member,2019-04-25 21:03:06
2387,966,36,member,2020-12-02 11:49:28
2388,966,23,member,2019-05-29 23:14:26
2389,967,54,member,2020-04-07 13:27:30
2390,967,20,member,2018-01-29 08:39:58
2391,967,27,member,2020-01-06 19:57:13
2392,968,53,member,2018-08-06 11:09:04
2393,968,6,admin,2019-10-27 05:30:08
2394,968,28,admin,2024-08-31 01:24:51
2395,968,46,member,2024-05-14 22:48:30
2396,968,36,member,2020-11-01 04:27:43
2397,969,26,member,2020-03-24 05:22:04
2398,970,62,member,2021-10-29 22:34:09
2399,970,35,member,2018-08-28 04:36:28
2400,972,54,admin,2021-10-11 04:38:41
2401,972,4,member,2024-09-15 06:50:11
2402,972,2,member,2020-03-23 19:11:06
2403,973,30,admin,2020-03-02 03:01:35
2404,973,38,admin,2024-03-02 02:59:30
2405,974,20,admin,2024-03-10 21:07:45
2406,974,62,member,2023-06-05 00:45:43
2407,976,15,member,2023-06-13 19:56:02
2408,976,66,admin,2022-07-17 05:52:45
2409,978,14,member,2021-03-03 12:26:57
2410,978,5,member,2018-03-06 15:12:31
2411,978,67,admin,2020-02-20 08:52:48
2412,978,4,member,2021-12-27 07:06:17
2413,978,68,member,2023-11-09 11:39:03
2414,979,57,admin,2018-04-05 07:13:02
2415,979,14,member,2024-12-10 19:59:06
2416,979,18,admin,2023-02-20 01:50:26
2417,979,20,member,2022-09-10 07:52:47
2418,980,37,member,2019-02-18 14:37:44
2419,980,1,member,2021-03-29 22:02:28
2420,981,62,member,2024-12-21 13:28:37
2421,981,63,member,2023-02-14 07:37:05
2422,981,35,admin,2022-05-23 12:34:01
2423,981,61,member,2018-07-25 22:37:41
2424,984,53,member,2021-03-08 04:05:17
2425,986,22,member,2022-05-24 07:07:15
2426,987,20,member,2022-11-13 20:19:50
2427,987,51,member,2018-04-13 00:33:34
2428,988,12,member,2019-06-09 16:06:05
2429,988,47,member,2021-01-16 03:34:13
2430,988,11,member,2021-09-04 17:30:43
2431,988,25,member,2021-03-25 21:56:11
2432,988,21,member,2023-09-12 06:16:15
2433,989,4,member,2018-03-20 09:00:38
2434,989,13,member,2023-02-22 19:13:27
2435,989,50,member,2024-08-05 15:21:20
2436,989,54,member,2018-07-31 05:51:15
2437,990,37,member,2022-12-27 12:18:41
2438,990,6,member,2020-07-17 10:42:01
2439,990,53,member,2021-08-02 00:43:27
2440,991,1,member,2019-03-09 21:24:08
2441,991,47,member,2020-12-14 11:40:52
2442,991,32,member,2023-07-22 07:02:50
2443,991,7,member,2019-07-08 22:52:35
2444,991,51,admin,2018-10-16 02:35:28
2445,992,1,member,2020-12-19 02:46:11
2446,992,35,admin,2022-03-15 01:49:53
2447,992,45,member,2021-09-05 10:30:28
2448,993,1,member,2023-03-18 22:15:32
2449,993,30,member,2024-05-03 06:26:30
2450,993,62,member,2022-04-19 03:32:39
2451,995,64,member,2023-07-03 15:19:10
2452,995,3,member,2018-01-19 21:42:48
2453,995,20,member,2018-01-29 17:19:07
2454,995,68,member,2019-05-06 01:50:05
2455,996,54,admin,2024-03-24 20:05:29
2456,996,47,member,2019-09-22 04:47:47
2457,996,5,member,2018-01-18 15:07:11
2458,996,66,member,2024-06-26 22:33:30
2459,997,55,member,2021-12-26 22:26:28
2460,999,26,member,2023-08-10 20:55:39
2461,1000,23,member,2021-03-06 09:56:24
2462,1000,6,member,2024-07-02 11:15:51
2463,1000,4,admin,2022-09-13 03:11:55
